Household,id,Date,Check label,Calibration,Findings
Shunyam & Ishan — latest,h1b,2026-06-03,"Check 1 — photos (Wed, 3-Jun · eyeball, no scale)",,"First v2 check — the check IS the input; factors recalibrated from it (opening+orders−closing vs textbook). TRAINED: onion 0.91 (300g used vs 330 ⇒ ~100g/gravy; the assumed +500g order was dropped since only 200g was found), brinjal 0.73, potato 1.18, parwal 0.74 (finishes its 80g leftover), green chilli 2.0 (40g used vs 10 textbook — capped; chilli is in far more dishes than logged). PENDING (no consumption cycle yet, not noise): tomato, garlic, ginger weren't in the 30-May baseline and had no stock during the 1–2 Jun meals — this check sets their opening, so they'll calibrate at the next check. Watermelon gone (perishable). Held: cucumber 160g, bottle gourd 500g, green capsicum 80g. Dishes are capped at what's on hand — nothing negative."
Shunyam & Ishan — latest,h1b,2026-06-06,"Check 2 — photos (Sat eve, 6-Jun · eyeball, no scale)",,"Check 2 — snapped to observed; factors recalibrated (now EASED vs check 1). GARLIC is present (~70g) — factor 2.0 had over-depleted it to 0, pulled to 1.15. First-cycle factors: carrot 0.91, ginger 1.67 (uses more), bottle gourd 0.59 & cauliflower 0.47 (used less than textbook in paratha/gobi). Potato 1.18->1.27, green chilli eased 2.0->1.25, onion 0.91 confirmed. Held (not in photos): tomato (carried), brinjal 280 (finished tonight), cucumber, capsicums, zucchini, pumpkin, broccoli, leafy greens, coconut."
Shunyam & Ishan — latest,h1b,2026-06-10,"Check 3 — photos (Wed eve, 10-Jun · eyeball, no scale)",,"Check 3 — the correction: TOMATO is present (~350g); the model had over-consumed it (it was carried at ~130). Factor eased 1.0->0.83. Ginger (1.67->1.03), green chilli (1.25->0.88) and garlic (1.15->0.83) were likewise over-consumed and pulled down. Onion 0.91 holds, carrot ->0.96. So the earlier tomato/ginger/chilli shortfalls were model artifacts, not reality. Bottle gourd correctly absent — it was finished in Tue's lauki kofta (whole gourd), now 0. Held (not photographed): cauliflower, red capsicum, green beans. Beetroot 0 (never ordered); methi 0 (arrives Thu morning)."
Shunyam & Ishan — latest,h1b,2026-06-13,Check — 13-Jun EVENING (full-kitchen photo inventory),,"Full-kitchen sweep (13-Jun ~7:25pm, ~99 photos). Stock RE-ANCHORED to observed. There are no order screenshots for the 10->13 Jun window, so the deltas here reflect ~3 days of real use + uncaptured restocks, not model error — this is a re-anchor and factors are left unchanged until those orders arrive. Produce seen: potatoes ~600, tomatoes plentiful (3 bags), carrots, green beans, 2 cucumbers, tricolour capsicum (green+yellow+red), baby corn, palak, coriander, green chillies, ~6 lemons, garlic (peeled+whole), ginger, half a papaya, a prepped red-onion bowl. Used up in 13-Jun LUNCH pasta (set 0): BROCCOLI + ZUCCHINI. Not seen, set 0: cauliflower, beetroot. CORRECTIONS from the close-up photos (13-Jun 7:17pm): onion ~850g net bag of small red onions + prep bowl; lady-finger 250g labelled pack (not 0); cucumber exactly 2 (~200g); carrots 5 but SMALL (~250g); garlic is peeled 100g only (no whole bulbs); green beans ~200g; green chilli ~50g; methi/coriander present but very little (~40g); NO spinach in the photos (palak set 0); exactly 6 lemons. Mushrooms also seen (no Master bucket — noted only). FULL pantry captured in the Pantry tab: dairy (curd/set-curd/paneer/cheese/cream/ghee/butter), whey, rice/atta/dal/rajma/oats/millet-mix, chia/flax/7-in-1 seeds, cashews/almonds/walnuts, olives, roasted chana, ragi chips, muesli, cocoa, chocolate syrup, honey/jam, ketchup + arrabiata + schezwan + soy + mustard + vinegar + Winn pickle, olive & cooking oil, spices, tea, hydration sachets, frozen veg mix, snack bars, soda, tissue."
Soozy & Munz,h2,2026-06-03,"Check 1 - photos (3-Jun morning, scale-assisted) - ANCHOR",,ANCHOR: stock snapped to the real 3-Jun photos; deltas here are informational (first check). Veg was nearly empty 30-May; the 31-May to 2-Jun carts stocked it. Factors carry into the 3->6 window and are refined as later checks reconcile.
Soozy & Munz,h2,2026-06-06,"Check 2 - photos (6-Jun morning, before breakfast, scale)",,"PREDICTED from the 3-Jun anchor through the 3/4/5-Jun meals + 4/5-Jun carts, then snapped to the 6-Jun photos. Deltas are the real forecast error for this window (guests Fri/Sat pushed dinner to 6 eaters). Green chilli ran out (60g to 0). Onion not photographed -> carried."
Soozy & Munz,h2,2026-06-10,"Check 3 - photos (10-Jun morning, before breakfast)",,"PREDICTED from the 6-Jun snap through the 6(after)/8/9-Jun meals + the 8-Jun restock, then snapped to the 10-Jun photos. This is the FIRST real onion reading (200g) — so onion is now anchored, not a pure carry. Deltas are the genuine forecast error for the 6->10 window (now Munz+Soozy only, high-protein, lighter veg)."
Soozy & Munz,h2,2026-06-13,"Check 4 - photos (13-Jun morning, before breakfast, scale-assisted)",,"EXACT actuals (your measured values, single numbers - no error band); the PREDICTED column keeps its +/-5% band. NEW items tracked from today: mint (going bad), lettuce, spring onion, sweet corn. Carried (not in frame): onion ~0.9kg, cucumber 0. Untracked seen: 8 green mangoes, dry coconut pieces (pantry), papaya/dragon-fruit/guava."
Soozy & Munz,h2,2026-06-17,"Check 5 — physical count (17-Jun morning, resident, scale)",,"Direct physical inventory by the resident — stock snapped to these measured values (14-Jun nothing; 15-16 Jun meals/buys absorbed into this count, not modelled line-by-line, so the predicted column reflects 13-Jun carry). Perish counted: 47 eggs, blueberries 294g (3 boxes), dates 6 pcs, 5 yogurt/curd tubs. SPOILED on sight: mint (~63g) & curry leaves; 92g of the peeled garlic was use-by 16-Jun. NOT in the count (carried from 13-Jun — confirm if these are finished): onion, broccoli, green chilli, brinjal, lettuce."
Soozy & Munz,h2,2026-06-27,"Check — physical count (27-Jun, after breakfast)",,"Physical count after the 27-Jun breakfast (before lunch & dinner). Counts snapped to actual; the 27th lunch+dinner then deducted from the counted values. Model notably over-predicted coriander (270→126), green capsicum (340→250) and green chilli (72→43)."
Disha & Anirudh,h3,2026-06-13,Check 1 — video walkthrough + notes (13-Jun 7am) · ANCHOR,,"First inventory for Disha & Anirudh, from the 13-Jun 7am video + voice notes. Stock snapped as the calibration ANCHOR (factors stay 1.0 until this house has a second check to reconcile against). HEAVY (do NOT reorder): tricolour CAPSICUM and GREEN BEANS — both plentiful and at spoilage risk. Also well-stocked: carrots, baby corn, the 2 cucumbers, Chinese cabbage (~half, needs a recipe). LITTLE: broccoli, palak (just trimmed). Present: tomatoes, lemon, green chilli, coriander, and most fruit. UNTRACKED items seen (no Master bucket): spring onions (little, ~2-3 recipes worth), dark-purple LETTUCE (only what was shown, no more). NON-FnV: butter is in (ordered) — but needs a small butter DABBA/container (the old one was thrown out; prefers it kept outside for easy spreading). BREAD is OUT — needs buying. Garlic & ginger weren't shown — left untracked for now."
Disha & Anirudh,h3,2026-06-23,Check — 23-Jun before-lunch FULL inventory (Disha & Anirudh): actual vs predicted,,"Full before-lunch inventory — every SKU mentioned is now tracked. ACTUAL is snapped where the list gave a number (rice 2.5kg, masoor 500g, rajma 500g, mirchi 2kg, mustard 1kg, protein 2kg, ramen 4, lactose-free milk 5 tetrapaks, skyr & peanuts from the order); where NO number was given, ACTUAL = the model’s predicted value (quinoa/poha/dals/spices/sauces shown present or low). DISCARDED (expired/spoiled): puliogare (May-26), goda masala (fungus), vada-pav chutney, biryani masala (hard), instant poha (2024), chocos (2023), MTR upma/idli (Feb-26) & seviyan (2024), masala oats (foul), mixed pulses (2023). CHECK: flaxseeds (possibly 2020), Troovy ketchup. REORDER soon: basmati, atta (~15d), Deepa-aunty’s Tuong Ot sriracha, honey mustard. Potatoes old/sprouting and palak/coriander kept at model qty (not re-counted). NOTE: fresh vegetables not on this list keep their model values rather than being zeroed — say the word if you want the unlisted veg cleared too."
Disha & Anirudh,h3,2026-06-27,Check — end-of-27th physical count (Disha & Anirudh),,"End-of-day count. Snapped where counts were given; no-quantity items kept at model; absent items (chillies/cheese/bread) zeroed. Notable misses: carrot heavily over-predicted (698→~140), green chilli used up (114→0); tomato, broccoli & green/yellow capsicum were 0 in the model but present (imputed ~150g est each — give real counts to refine)."
Kartik & Dhara,h4,2026-06-13,Check 1 — photos + resident written detail (13-Jun) · ANCHOR,,"First inventory for Kartik & Dhara, corrected against the resident's written list (authoritative). Tracked produce: ~10 onions (~1kg), ~5 potatoes, 4 tomatoes, 5 carrots (>200g), ~100g ginger, 1 garlic bulb (photo only — not on your list), ~50g green chilli, 8 lemons, coriander ~50g + methi ~50g, dill ~70g, and ~100g mint that is LIKELY SPOILING. DROPPED (basket misreads you did not list): beetroot, curry leaves, avocado. KEPT: garlic 50g (1 bulb, photo-confirmed) and 2 ripe mangoes. Untracked / on the Expiry & Use-up + Pantry boards: 2 ripe mangoes, 1 jackfruit (khatal, medium), 1 long drumstick, ~1.5 raw banana, 2 eggs, 6 chicken-gravy packets, chicken breast boneless 400g (EXP 14-Jun), meaty kakori kebab 200g (exp 26-Jun), sourdough half (olive & rosemary), milk-bread half (dough), pizza bread (EXPIRED 4-Jun), 2 roasted-seaweed snack packs, half a dry coconut. Factors stay 1.0 until a second check reconciles."
Kartik & Dhara,h4,2026-06-20,"Check 2 — physical count by Kartik (20-Jun, after all meals)",,"Full-board physical inventory by Kartik after all 20th meals — every in-stock FnV item verified. The model PREDICTED THE REST EXACTLY (zero delta): potato, beetroot, ginger, green chilli, baby corn, broccoli, brinjal, mint, coriander, red & yellow capsicum, lettuce. Six items were re-measured and snapped: onion 1500 (pred 1270, +230), tomato 500 (pred 730, -230), garlic ~45g from ""15 strips/cloves"" (pred 80, -35), lemon 5 (pred 3, +2), cucumber ~200g from ""just 1 left"" (pred 350, -150). NEW: dry coconut added to FnV at ~1/3 (~65g). Interpretations to confirm: garlic ""15 strips"" ≈ ~15 cloves (45g) and cucumber ""1 left"" ≈ 200g."
Rahul & Radhika,h5,2026-06-16,Inventory check — after 16-Jun breakfast (physical weigh-in),,"Whole-house weigh-in. 17 listed items snapped to measured weights. Tomato was a count (11) so estimated ~1100g. Also present but NOT tracked as produce: mushroom (2 packets, mfg 13 & 14), rocket leaves 66g, turai/ridge gourd 322g; dairy/pantry: almond milk 570g, yogurt 8 packs, cut bread 500g, tofu 1 pack, butter 250g. NOT included in this check and left unchanged (confirm if gone): cucumber, green/red capsicum, cauliflower, coriander, green chilli, pumpkin, red cabbage, mint, lemon, banana."
Rahul & Radhika,h5,2026-06-22,Check — 22-end full inventory (222 photos): actual vs predicted,no,"First full physical inventory (222 photos), now applied COMPREHENSIVELY: every perishable the photos showed is reset to the count (produce by piece-weight, proteins/mushroom/fruit by pack, all est), and items NOT in the photos (red/yellow capsicum, broccoli, cabbage, fresh green beans, lady’s finger, dill) are set to 0. Predicted = the model after the 20/21/22 meals; the large gaps are the accumulated 1–22 Jun over-model + unseen staff/dog consumption. Treated as a RESET (overwrite), NOT a calibration signal — calibration runs on the clean 22→23 delta. Lemon is in pieces; jarred staples tracked-present; salmon/edamame/millet/brown rice untracked."
Rahul & Radhika,h5,2026-06-23,Check — 23-end inventory: actual vs predicted (calibration),yes,"CLEAN one-day signal — predicted = the 22-end count minus the 23rd meals; actual = the 23-end resident count. This is the delta factors calibrate on (staff + dogs + waste appear here). Earlier the model veg had inflated badly (no meal deductions over the 20–22 Jun gap), so this is a big true-up: onion 2670→600g, tomato 1380→200g, cucumber 780→450g, potato 874→150g, palak 640→200g, carrot 510→240g. Counted FnV: 6 onion, 3 capsicum + 1 yellow, 1 zucchini, 3 cucumber, 6 lemon, 2 tomato, small ginger, 3 carrot, 1 small beetroot, 2 palak packets, garlic (½ box + 2 whole), 1 pumpkin packet, ~1 salad lettuce, 2 small potato, 4 banana. Fruit: 2 green pear, 2 kiwi, 2 avocado, 1 apple, 8 mango, ½ box cherry tomatoes (3-day). Protein/dairy: 1 chicken-breast packet (~450g est), ½ fish fillet, 12 eggs, skyr 2 cups, ½ cup + 3 small Greek yogurt, 1 fruit-yogurt cup; doggy chicken present (pet food, not for meals). NOT on the remaining list — set to 0 (finished): red capsicum, broccoli, cabbage, fresh green beans, brinjal, lady’s finger, dill. Flagged LOW (reorder): curry leaves, coriander, mint, sabudana, atta, frozen green beans. Where no quantity was given, actual = the model’s predicted value."
Rahul & Radhika,h5,2026-06-24,Check — 24-end inventory (after all meals): actual vs predicted,yes,"R&R end-of-24 resident count (after B/L/D). Predicted = the 23-end count minus the 24th meals; actual = this count — clean one-day calibration signal. 24-end overwritten ONLY for the items the resident gave; everything else left at model-deducted values (per instruction). Counted: garlic ~150 (half peeled box + 2 bulbs), 3 brinjal (~180g), 2 green caps (~200g), 2 cucumber (~300g), 1 beetroot (~100g), 2 potato (~150g), 6 lemon, small ginger (~20g), 4 banana, 1 avocado, 1 apple, 1 pear, 2 kiwi, 2 mango, half watermelon (~1000g), half cherry-tomato pack (~125g), 8 eggs. FLAGGED LOW (available but very low): tomato (~1pc/100g), curry leaves (~15g), coriander (~15g), mint (~15g), chicken (~100g). NOT given -> kept at model-deducted values (no count, likely high): onion, carrot, yellow capsicum, pumpkin, zucchini, lettuce, spinach, cabbage, red capsicum, bassa, and the dairy board."
Paxal & Sana,h7,2026-06-25,Baseline -- 25-Jun after-lunch physical inventory (Paxal & Sana),no,"Opening baseline AFTER the 25-Jun lunch. Three freshness tiers: FRESH, AGING/use-within-2-days (pumpkin, capsicums, carrots, apple, pomegranate), OLD/at-risk (sprouts EXPIRED 20-Jun; arbi really old). The full 11-25 Jun meal plan is in the log but only the 25-Jun DINNER (crispy honey-garlic tofu rice bowl) is deducted here (onion 50g, garlic 10g, ginger 5g); tofu/rice/honey are pantry or to-buy and were not deducted. Bunch/piece weights are gram estimates."
Pratik & Sakshi,h8,2026-06-25,Baseline — 25-Jun opening physical count (Pratik & Sakshi),no,"Opening inventory for a brand-new household. 2 people on record but 9 effective eaters (2 adults + 2 kids + 5 staff, kids & staff not on the meal plan). The meal-plan portions will under-count consumption until calibrated. No meals deducted yet — daily checks over the next 3 days will drive appetite-factor calibration. NOTE: NO fresh onion — operator confirmed onion is OUT (0); the '1kg onion' line was a typo for '1kg tomato'. Bunch/piece weights are gram estimates (est)."
Pratik & Sakshi,h8,2026-06-26,Check — 26-Jun physical count (Pratik & Sakshi),,"Second calibration count. IMPORTANT: deliveries arrived between 25–26 Jun — alliums (onion 500g, garlic ~350g, ginger ~150g), potato 1kg, eggs 4, butter, cheddar, and fruit (litchi 2, kiwi 3, banana 4, avocado 2, blueberry, mango 3) were NOT in the 25th baseline, so the 25→26 deltas mix CONSUMPTION with RESTOCKING. Clean appetite calibration needs the order log for this window. Decreases likely reflecting use: tomato 1000→~525, lemon 11→6, lettuce 300→150, zucchini ~500→250, green chilli 50→~40. Bottle gourd up (1 full loki + half). Coriander, cauliflower & mint were NOT on this count → Expected but missing. Bunch/piece weights are gram estimates (est)."
Pratik & Sakshi,h8,2026-06-27,Check — 27-Jun physical count (Pratik & Sakshi),no,"Third calibration count. PREDICTED column is PROVISIONAL — it is just the 26th values (no meal deductions or 25–27 orders applied yet), so it is NOT a real prediction. Per operator: order history + meal deductions are still to come; once supplied, the true actual-vs-predicted will be computed and the 9-eater appetite factor calibrated. Notable counts: onion 2.5kg (2kg + 500g), potato 500g, garlic 5 bulbs (~250g), carrot 7 (4 normal + 3 huge, ~730g), tomato 500g, broccoli half of 26th (~150g), cabbage half (~125g), beans 1 bag + 100g (~350g), cucumber 2 (~400g), lemon 5, paneer 200g (new). NOT on this count → Expected but missing: spinach, bottle gourd (loki), sweet corn, baby corn, spring onion, green chilli. Bottles/staples all reported same as 25th. Bunch/piece weights are gram estimates (est)."
Shunyam & Ishan,h1b,2026-06-30,Night check (after meals · full count),yes,"30-Jun night full physical count (after all meals). Counted ~80 items (mostly pantry + fresh: banana 4, onion 3, ginger 200g, potato 1kg, lemon 1.5, eggs 5, garlic 2 bulbs, bhindi 1pkt, mint 1 bunch, peas, cream, butter, milk half, cheese, bread). New anchor. EXPECTED-BUT-MISSING (in stock before, NOT counted -> flagged verify): Tomato, Cucumber, Carrot, Spring onion, Cabbage, Green beans, Red capsicum, Yellow capsicum, Green capsicum, Coriander (dhania), Green chilli, Lettuce, Broccoli, Zucchini, Spinach/Palak, Curd (Akshayakalpa), Set curd, Paneer, Ginger garlic paste, Chicken (curry cut), Kombucha. NB: several were ordered the morning of 30-Jun (set curd 1kg, carrot, cabbage, lettuce, tomato) so likely an omission rather than fully consumed — confirm."
Pratik & Sakshi,h8,2026-06-30,Check (after B+L · fresh count),yes,"30-Jun check after breakfast & lunch prepared. FRESH produce counted (replaces prior estimates) — new anchor. Counted: coriander ~80%, garlic 5 bulbs, potato 800, onion 1800, eggs 5, cheddar, litchi, blueberry, 2 pomegranate, 2 orange, 1 pear, jalapeno 200g, 12 lemons, baby corn 1pkt, 6 tomato, mushroom half, spinach 1 bunch, red+yellow capsicum half each, 2 green capsicum, brinjal, cucumber, loki, curry leaves. PACKAGED/PANTRY goods left untouched (photos with expiry dates to be uploaded later). Uncounted fresh flagged verify: Broccoli, Cabbage, Carrot, Cauliflower, Ginger, Green beans, Green chilli, Lettuce, Mint, Spring onion, Sweet corn, Zucchini."
Kartik & Dhara,h4,2026-06-28,"Check 3 — full physical count (28-Jun, Sunday cook-off · no meals) · ANCHOR",yes,"Full 28-Jun physical count (Sunday cook-off, no meals). Produce counted: onion 8 (~800g), garlic 5 bulbs (~250g), ginger 250g, tomato 7 (~700g), potato 9 (~900g), beetroot 1 (~150g), lemon 4, okra/lady's finger 50g, cucumber 1 (~150g), green chilli 80g, coriander 1 bunch (~100g), mint ~40%, dry coconut 1, eggs 6, muskmelon 1. ALSO PRESENT (not gram-counted): kiwi, litchi, frozen peas, fresh cream, coconut milk (half), sweet bun (1 pkt), sourdough (1 pkt), + condiments (tomato sauce, red chilli, mustard sauce, soy sauce, black olives, vinegar). NOTE: this is the 28-Jun anchor — live stock is NOT overwritten; 29-Jun & 30-Jun orders/meals were processed on top of it. [Predicted column = model's reconstructed 28-Jun estimate (current stock with 28-night/29th/30th orders & meals reversed out). Notable model-under gaps vs count: garlic +150, potato +250, cucumber +100, eggs +2, beetroot -50, ginger -65 — i.e. the resident counted MORE garlic/potato/cucumber/eggs than the model carried, so current K&D stock for those is likely understated.]"
Disha & Anirudh,h3,2026-06-30,Check — 30-Jun physical (what's on hand · presence count),,"30-Jun 'what we have' presence count. CONFIRMED present (kept weights): onion, tomato, green beans, cabbage, carrot, cucumber, coriander, curry leaves, spring onion, iceberg+romaine lettuce, lemongrass, mint, ginger, garlic, all 3 capsicum, baby spinach, cherry tomato, lemon (PLENTY - don't order). NEWLY PRESENT - weight estimated, confirm: broccoli, baby corn (few), button mushroom (very few), green chilli, arugula. NOT in count -> expected-but-missing (verify): galangal, radish, papaya, thai basil. Perishables present: chicken 1 portion (DON'T ORDER), milk ~1.5, cheese slices, curd/yogurt, bread, eggs."
