Disha & Anirudh,,,,,,,,,,,,
Current stock · 2 on record,,,,,,,,,,,,
Category,Item,Quantity,Unit,Status,Est,Verify,Factor,Last checked,Last entered,Note,Expiry,Bought
Fruit,Orange,0,g,out,,,1,2026-09-19,2026-09-19,16-Sep perishable overwrite (operator),,
Fruit,Apple,2,pc,in,,,1,2026-09-23,2026-09-19,23-Sep perishable overwrite,,
Fruit,Kiwi,2,pc,in,,,1,2026-09-24,2026-09-19,09-24: -1pc D Anirudh bowl,,
Fruit,Pear,0,pc,out,,,,2026-09-24,2026-09-19,09-24: -1pc D Disha bowl,,
Fruit,Banana,1,pc,in,,,1,2026-09-24,2026-09-18,09-24: -1pc L pack Anirudh,,2026-08-07
Vegetable,Onion,5,pc,in,,,1,2026-09-23,2026-09-18,23-Sep perishable overwrite,,
Vegetable,Green chilli,40,g,in,,,1,2026-09-23,2026-09-18,23-Sep perishable overwrite,,
Vegetable,Curry leaves,30,g,in,,,1,2026-09-23,2026-09-18,23-Sep perishable overwrite,,
Vegetable,Coriander,0,g,out,,,1,2026-09-23,2026-09-18,23-Sep: not in perishable overwrite,,
Vegetable,Zucchini,0,pc,out,,,1,2026-08-03,2026-08-03,3-Aug correction — zucchini replaced by cucumber — none in stock,,
Vegetable,Capsicum,0,pc,out,,,1,2026-09-23,2026-09-21,23-Sep: not in perishable overwrite,,
Vegetable,Yellow capsicum,0,pc,out,,,1,2026-09-24,2026-08-21,09-24: -0.3pc L salad (Anirudh - Disha no cooked capsicum),,
Vegetable,Iceberg lettuce,0,g,out,,,1,2026-09-23,2026-09-18,23-Sep: not in perishable overwrite,,
Vegetable,Yellow sweet corn,0,g,out,,,1,2026-08-08,2026-08-13,13-Aug: B cutlets,,
Vegetable,Spring onion,120,g,in,,,1,2026-09-24,2026-09-19,09-24: -30g L veg stir fry,,
Vegetable,Thai basil leaves,0,g,out,,,1,2026-09-12,2026-09-10,12-Sep: full overwrite — not in count,,
Fruit,Plums,0,g,out,,,1,2026-08-03,2026-08-03,Not in the 3-Aug perishable list — cleared to 0 (was 200 g),,
Fruit,Blueberries,0,g,out,,,1,2026-09-23,2026-09-19,23-Sep perishable overwrite,,
Dairy,Curd,500,g,in,,,1,2026-09-23,2026-09-21,23-Sep perishable overwrite,,
Dairy,Hung curd,0,g,out,yes,,1,2026-08-26,2026-08-26,"26-Aug: RETIRED on instruction (Bhavya) — duplicate of the live ""Curd"" row. Was 0g and unstocked since 07-Aug; all curd usage is booked against ""Curd"".",,
Dairy,Fresh cream,0,ml,out,,,1,2026-09-23,2026-09-21,23-Sep: not in perishable overwrite,,
Dairy,Delicata dairy cream,0,packet,out,,,1,2026-08-08,2026-08-08,"Merged into ""Fresh cream"" 8-Aug",,
Dairy,Coconut cream,0,ml,out,,,1,2026-09-15,2026-09-12,15-Sep: removed,,
Dairy,Coconut milk (opened),0,ml,out,,,1,2026-09-12,2026-09-05,12-Sep: full overwrite — not in count,,
Dairy,Lactose-free Amul milk,0,ml,out,,,1,2026-08-12,2026-08-13,(dedup — consolidated into Lactose free milk Amul r271),,
Dairy,Feta cheese,0,g,out,,,1,2026-09-16,2026-09-12,16-Sep: removed — not in perishable count,,
Dairy,Cheese slice,0,g,out,,,1,2026-09-23,2026-09-19,23-Sep: not in perishable overwrite,,
Dairy,Butter,80,g,in,,,1,2026-09-23,2026-09-19,23-Sep perishable overwrite,,
Meat,Eggs,6,pc,in,,,,2026-09-24,2026-09-18,09-24: -2pc B egg dosa,,2026-08-06
Meat,Chicken,0,g,out,,,1,2026-09-24,2026-09-18,09-24: -100g L kali mirch chicken (2x100g),,2026-08-06
Bread & bakery,Zero maida protein bread,0,pack,out,,,1,2026-09-02,2026-09-02,2-Sep Bhavya overwrote — smart-list check result (EOD perishable count): not in the count (was 0.7pack),,
Grains,Protein powder (Disha),1275,g,in,,,1,2026-09-24,2026-09-12,09-24: -60g D 2 protein bowls,,
Grains,Protein powder (Anirudh),1150,g,in,,,1,2026-09-12,2026-09-12,12-Sep full overwrite (operator),,
Supplement,Whey concentrate,0,packet,out,,,1,2026-08-12,2026-08-13,13-Aug: L+D scoops (flag: 0),,
Supplement,Creatine monohydrate,0,g,out,,,1,2026-09-12,2026-07-21,12-Sep: full overwrite — not in count,,
Cereal,Yoga Bar health mix,0,g,out,,,1,2026-09-12,2026-07-21,12-Sep: full overwrite — not in count,,
Cereal,Happa cereals,0,packet,out,,,1,2026-09-12,2026-07-21,12-Sep: full overwrite — not in count,,
Staple,Dry dates powder,420,g,in,,,1,2026-09-12,2026-09-12,12-Sep full overwrite (operator),,
Cereal,Happa fruit melts,0,packet,out,,,1,2026-09-12,2026-07-21,12-Sep: full overwrite — not in count,,
Beverage,Strawberry cake drink,0,bottle,out,,,1,2026-09-12,2026-07-21,12-Sep: full overwrite — not in count,,
Beverage,Mixed fruit drink,0,bottle,out,,,1,2026-09-12,2026-07-21,12-Sep: full overwrite — not in count,,
Staple,Mixed seeds,0,g,out,,,1,2026-09-24,2026-09-12,09-24: -20g D 2 bowls,,
Staple,Cashews,350,g,in,,,1,2026-09-12,2026-09-12,12-Sep full overwrite (operator),,
Staple,Almonds,36,g,in,,,1,2026-09-12,2026-09-12,12-Sep full overwrite (operator),,
Staple,Peanuts,531,g,in,,,1,2026-09-18,2026-09-12,09-18: -20g B peanut garlic chutney,,
Nuts,Spicy peanuts,0,g,out,,,1,2026-09-12,2026-07-21,12-Sep: full overwrite — not in count,,
Nuts,Sweet peanuts,0,g,out,,,1,2026-09-12,2026-07-21,12-Sep: full overwrite — not in count,,
Staple,White sesame seeds (A),0,g,out,,,1,2026-09-12,2026-07-21,12-Sep: full overwrite — not in count,,
Staple,White sesame seeds (B),0,packet,out,,,1,2026-09-12,2026-07-21,12-Sep: full overwrite — not in count,,
Staple,Black sesame seeds,0,packet,out,,,1,2026-09-12,2026-07-21,12-Sep: full overwrite — not in count,,
Nuts,White chia seeds,0,packet,out,,,1,2026-09-12,2026-07-21,12-Sep: full overwrite — not in count,,
Nuts,Flax seed masala,0,packet,out,,,1,2026-09-12,2026-07-21,12-Sep: full overwrite — not in count,,
Oil,Organic sesame cooking oil,0,ml,out,,,1,2026-09-12,2026-08-03,12-Sep: full overwrite — not in count,,
Condiment,Extra virgin olive oil,450,ml,in,,,1,2026-09-18,2026-09-18,21-Sep post-dinner count,,
Oil,Rice bran oil (B),0,g,out,,,1,2026-09-12,2026-08-26,12-Sep: full overwrite — not in count,,
Oil,Peanut oil,0,g,out,,,1,2026-09-12,2026-08-05,12-Sep: full overwrite — not in count,,
Condiment,Mustard oil,500,ml,in,,,1,2026-09-12,2026-09-12,12-Sep full overwrite (operator),,
Oil,Pure ghee,0,ml,out,,,1,2026-09-12,2026-07-21,12-Sep: full overwrite — not in count,,
Oil,A2 cow ghee,0,jar,out,,,1,2026-09-12,2026-07-21,12-Sep: full overwrite — not in count,,
Oil,Parachute coconut oil,0,ml,out,,,1,2026-09-12,2026-08-03,12-Sep: full overwrite — not in count,,
Condiment,Brown sugar,800,g,in,,,1,2026-09-12,2026-09-12,12-Sep full overwrite (operator),,
Pantry,Sugar (A),0,g,out,,,1,2026-09-12,2026-07-21,12-Sep: full overwrite — not in count,,
Staple,Dates,200,g,in,,,1,2026-09-12,2026-09-12,12-Sep full overwrite (operator),,
Staple,Psyllium husk,60,g,in,,,1,2026-09-24,2026-09-12,09-24: -10g D protein bowls,,
Pantry,Isabgol,0,g,out,,,1,2026-09-12,2026-07-21,12-Sep: full overwrite — not in count,,
Pantry,Pink salt (A),0,g,out,,,1,2026-09-12,2026-07-21,12-Sep: full overwrite — not in count,,
Pantry,Pink salt (B),0,g,out,,,1,2026-09-12,2026-07-21,12-Sep: full overwrite — not in count,,
Spice,Sea salt,25,g,in,,,1,2026-09-12,2026-09-12,12-Sep full overwrite (operator),,
Spice,Salt,650,g,in,,,1,2026-09-12,2026-09-12,12-Sep full overwrite (operator),,
Pantry,Himalayan kala namak,0,jar,out,,,1,2026-09-12,2026-07-21,12-Sep: full overwrite — not in count,,
Condiment,Honey,250,ml,in,,,1,2026-09-12,2026-09-12,12-Sep full overwrite (operator),,
Grains,Quinoa,450,g,in,,,1,2026-09-24,2026-09-12,09-24: -150g L boiled quinoa (Anirudh),,
Grains,Corn flour,500,g,in,,,1,2026-09-12,2026-09-12,12-Sep full overwrite (operator),,
Dals,Besan,530,g,in,,,1,2026-09-12,2026-09-12,12-Sep full overwrite (operator),,
Pantry,Suji,0,g,out,,,1,2026-09-12,2026-07-21,12-Sep: full overwrite — not in count,,
Pantry,Roasted suji,0,g,out,,,1,2026-09-12,2026-07-27,12-Sep: full overwrite — not in count,,
Pantry,Atta,0,g,out,,,1,2026-09-12,2026-08-13,12-Sep: full overwrite — not in count,,
Grains,Brown rice,300,g,in,,,1,2026-09-15,2026-09-12,09-15: -100g L rice,,
Grains,Sona rice,0,g,out,,,1,2026-09-10,2026-09-10,10-Sep: rice removed,,
Grains,Nilgiri sona masoori rice (1kg pack),0,g,out,,,1,2026-09-12,2026-09-10,12-Sep: full overwrite — not in count,,
Grains,Sona masoori rice (open),0,g,out,,,1,2026-09-12,2026-09-10,12-Sep: full overwrite — not in count,,
Grains,Whole sabudana,0,packet,out,,,1,2026-09-12,2026-07-21,12-Sep: full overwrite — not in count,,
Dals,Yellow moong dal,0,g,out,,,1,2026-09-12,2026-07-21,12-Sep: full overwrite — not in count,,
Dals,Yellow split moong dal,0,g,out,,,1,2026-09-12,2026-07-21,12-Sep: full overwrite — not in count,,
Dals,Split moong dal,0,g,out,,,1,2026-09-12,2026-07-21,12-Sep: full overwrite — not in count,,
Dals,Whole moong,0,g,out,,,1,2026-09-12,2026-07-21,12-Sep: full overwrite — not in count,,
Dals,Organic whole moong,0,packet,out,,,1,2026-09-12,2026-07-21,12-Sep: full overwrite — not in count,,
Dals,Unpolished moong dal,0,g,out,,,1,2026-09-12,2026-07-21,12-Sep: full overwrite — not in count,,
Dals,Moong dal (A),0,g,out,,,1,2026-09-12,2026-07-21,12-Sep: full overwrite — not in count,,
Dals,Moong dal (B),0,g,out,,,1,2026-09-12,2026-07-21,12-Sep: full overwrite — not in count,,
Dals,Masoor dal (A),0,g,out,,,1,2026-08-26,2026-07-21,26-Aug: -100g L herbed rice,,
Dals,Masoor dal (B),0,packet,out,,,1,2026-09-12,2026-07-21,12-Sep: full overwrite — not in count,,
Dals,Chana dal (A),0,g,out,,,1,2026-09-12,2026-07-21,12-Sep: full overwrite — not in count,,
Dals,Chana dal (B),0,g,out,,,1,2026-09-12,2026-07-21,12-Sep: full overwrite — not in count,,
Dals,Chana,0,g,out,,,1,2026-09-12,2026-07-21,12-Sep: full overwrite — not in count,,
Dals,Toor dal,0,g,out,,,1,2026-09-12,2026-07-21,12-Sep: full overwrite — not in count,,
Dals,Arhar dal (A),0,g,out,,,1,2026-09-12,2026-07-27,12-Sep: full overwrite — not in count,,
Dals,Arhar dal (B),0,packet,out,,,1,2026-09-12,2026-07-21,12-Sep: full overwrite — not in count,,
Beverage,Taj Mahal tea,0,packet,out,,,1,2026-09-12,2026-07-21,12-Sep: full overwrite — not in count,,
Beverage,Twinings English breakfast tea,0,packet,out,,,1,2026-09-12,2026-07-21,12-Sep: full overwrite — not in count,,
Beverage,Tea leaves,0,g,out,,,1,2026-09-12,2026-07-21,12-Sep: full overwrite — not in count,,
Beverage,Tea powder,200,g,in,,,1,2026-09-12,2026-09-12,12-Sep full overwrite (operator),,
Spice,Black pepper (B),0,bottle,out,,,1,2026-08-10,2026-08-10,21-Jul physical count,,
Spice,Pepper powder,60,g,in,,,1,2026-09-12,2026-09-12,12-Sep full overwrite (operator),,
Spice,Red chilli powder,100,g,in,,,1,2026-09-12,2026-09-12,12-Sep full overwrite (operator),,
Spice,Dried red chilli,0,g,out,,,1,2026-09-12,2026-07-21,12-Sep: full overwrite — not in count,,
Spice,Kashmiri chilli powder,750,g,in,,,1,2026-09-12,2026-09-12,12-Sep full overwrite (operator),,
Spice,Haldi powder,0,g,out,,,1,2026-09-12,2026-07-21,12-Sep: full overwrite — not in count,,
Spice,Haldi,0,g,out,,,1,2026-09-12,2026-08-11,12-Sep: full overwrite — not in count,,
Spice,Turmeric,0,packet,out,,,1,2026-09-12,2026-07-21,12-Sep: full overwrite — not in count,,
Spice,Jeera seeds,397,g,in,,,1,2026-09-12,2026-09-12,12-Sep full overwrite (operator),,
Spice,Jeera powder (A),0,g,out,,,1,2026-09-12,2026-07-21,12-Sep: full overwrite — not in count,,
Spice,Jeera powder (B),0,g,out,,,1,2026-09-12,2026-07-21,12-Sep: full overwrite — not in count,,
Spice,Dhaniya seeds,0,g,out,,,1,2026-09-12,2026-07-21,12-Sep: full overwrite — not in count,,
Spice,Sambar powder,0,g,out,,,1,2026-09-12,2026-07-21,12-Sep: full overwrite — not in count,,
Spice,Kora sambar,0,g,out,,,1,2026-09-12,2026-07-21,12-Sep: full overwrite — not in count,,
Spice,Jeera aloo masala,0,g,out,,,1,2026-09-12,2026-07-21,12-Sep: full overwrite — not in count,,
Spice,Maharashtrian masala,50,g,in,,,1,2026-09-12,2026-09-12,12-Sep full overwrite (operator),,
Spice,Hari methi,0,g,out,,,1,2026-09-12,2026-07-21,12-Sep: full overwrite — not in count,,
Spice,Imli,0,g,out,,,1,2026-09-12,2026-07-21,12-Sep: full overwrite — not in count,,
Spice,Mustard seeds,470,g,in,,,1,2026-09-12,2026-09-12,12-Sep full overwrite (operator),,
Spice,Hing,0,packet,out,,,1,2026-09-12,2026-07-21,12-Sep: full overwrite — not in count,,
Spice,Chaat masala,75,g,in,,,1,2026-09-12,2026-09-12,12-Sep full overwrite (operator),,
Spice,Baking powder,70,g,in,,,1,2026-09-12,2026-09-12,12-Sep full overwrite (operator),,
Spice,Baking soda,85,g,in,,,1,2026-09-12,2026-09-12,12-Sep full overwrite (operator),,
Spice,Dry mango powder,0,packet,out,,,1,2026-09-12,2026-07-21,12-Sep: full overwrite — not in count,,
Spice,Garlic powder,20,g,in,,,1,2026-09-12,2026-09-12,12-Sep full overwrite (operator),,
Spice,Onion powder (A),0,packet,out,,,1,2026-09-12,2026-07-21,09-12: -1packet B shakshuka,,
Spice,Cinnamon powder,30,g,in,,,1,2026-09-12,2026-09-12,12-Sep full overwrite (operator),,
Spice,Nutmeg powder,35,g,in,,,1,2026-09-12,2026-09-12,12-Sep full overwrite (operator),,
Spice,Sumac powder,0,jar,out,,,1,2026-09-12,2026-07-21,12-Sep: full overwrite — not in count,,
Spice,Zaatar powder,0,jar,out,,,1,2026-09-12,2026-07-21,12-Sep: full overwrite — not in count,,
Spice,Pizza oregano spice mix,0,pack,out,,,1,2026-09-12,2026-07-21,12-Sep: full overwrite — not in count,,
Spice,Cloves,0,assorted,out,,,1,2026-08-17,2026-07-21,21-Jul physical count — assorted,,
Spice,Star anise,35,g,in,,,1,2026-09-12,2026-09-12,12-Sep full overwrite (operator),,
Spice,Tej patta,0,assorted,out,,,1,2026-09-12,2026-07-21,12-Sep: full overwrite — not in count,,
Condiment,Gongura pickle,200,g,in,,,1,2026-09-12,2026-09-12,12-Sep full overwrite (operator),,
Condiment,Cut mango pickle,0,jar,out,,,1,2026-09-12,2026-07-21,12-Sep: full overwrite — not in count,,
Condiment,Mango pickle,0,jar,out,,,1,2026-09-12,2026-07-21,12-Sep: full overwrite — not in count,,
Condiment,Onion mixed pickle,0,g,out,,,1,2026-09-12,2026-07-21,12-Sep: full overwrite — not in count,,
Condiment,Ketchup,0,bottle,out,,,1,2026-09-23,2026-07-21,23-Sep: set 0 (operator),,
Condiment,Dark soy sauce,0,bottle,out,,,1,2026-09-12,2026-07-21,12-Sep: full overwrite — not in count,,
Condiment,Chin-Su sauce,0,packet,out,,,1,2026-09-12,2026-07-21,12-Sep: full overwrite — not in count,,
Condiment,Synthetic vinegar,350,ml,in,,,1,2026-09-12,2026-09-12,12-Sep full overwrite (operator),,
Condiment,Balsamic vinegar,450,ml,in,,,1,2026-09-12,2026-09-12,12-Sep full overwrite (operator),,
Condiment,French vinaigrette,125,g,in,,,1,2026-09-12,2026-09-12,12-Sep full overwrite (operator),,
Condiment,Bengal mustard kasundi,0,bottle,out,,,1,2026-09-12,2026-07-21,12-Sep: full overwrite — not in count,,
Condiment,Mayonnaise,0,g,out,,,1,2026-09-12,2026-09-05,12-Sep: full overwrite — not in count,,
Condiment,Hellmann mayonnaise (B),0,packet,out,,,1,2026-09-12,2026-09-09,12-Sep: full overwrite — not in count,,
Condiment,Honey mustard,50,g,in,,,1,2026-09-12,2026-09-12,12-Sep full overwrite (operator),,
Condiment,Honey mustard dip,0,jar,out,,,1,2026-09-12,2026-07-21,12-Sep: full overwrite — not in count,,
Dairy,Cheese jalapeno dip,0,g,out,,,1,2026-09-16,2026-09-12,16-Sep: removed — not in perishable count,,
Condiment,Panda oyster sauce,0,bottle,out,,,1,2026-09-12,2026-07-21,12-Sep: full overwrite — not in count,,
Condiment,Sriracha,500,g,in,,,1,2026-09-12,2026-09-12,12-Sep full overwrite (operator),,
Condiment,Sriracha green chilli sauce,500,ml,in,,,1,2026-09-12,2026-09-12,12-Sep full overwrite (operator),,
Condiment,Sriracha chilli sauce,100,ml,in,,,1,2026-09-12,2026-09-12,12-Sep full overwrite (operator),,
Condiment,Hot sauce,0,bottle,out,,,1,2026-09-12,2026-07-21,12-Sep: full overwrite — not in count,,
Condiment,Buddha hot sauce,0,bottle,out,,,1,2026-09-12,2026-07-21,12-Sep: full overwrite — not in count,,
Condiment,Crunchy chilli oil,0,jar,out,,,1,2026-09-12,2026-07-21,12-Sep: full overwrite — not in count,,
Condiment,Green olives,0,jar,out,,,1,2026-09-12,2026-07-21,12-Sep: full overwrite — not in count,,
Condiment,Black olives (pitted),0,g,out,,,1,2026-09-12,2026-08-26,12-Sep: full overwrite — not in count,,
Condiment,Cherry pepper feta stuffed,0,jar,out,,,1,2026-09-12,2026-07-21,12-Sep: full overwrite — not in count,,
Condiment,Sliced jalapeno peppers,0,jar,out,,,1,2026-09-12,2026-07-21,12-Sep: full overwrite — not in count,,
Condiment,German sweet & sour,0,jar,out,,,1,2026-09-12,2026-07-21,12-Sep: full overwrite — not in count,,
Condiment,Original kimchi,0,jar,out,,,1,2026-09-12,2026-07-21,12-Sep: full overwrite — not in count,,
Fruit,Pomegranate,0,pc,out,,,1,2026-09-23,2026-09-18,23-Sep: not in perishable overwrite,,
Condiment,Orchard Lane spreadable fruit,0,jar,out,,,1,2026-09-12,2026-07-21,12-Sep: full overwrite — not in count,,
Other,Bournvita,0,packet,out,,,1,2026-09-12,2026-07-21,12-Sep: full overwrite — not in count,,
Other,Sugar-free stevia,0,packet,out,,,1,2026-09-12,2026-07-21,12-Sep: full overwrite — not in count,,
Other,Everyday sweet sugar replacer,0,sachet,out,,,1,2026-09-12,2026-07-21,12-Sep: full overwrite — not in count,,
Other,Sugar-free,0,g,out,,,1,2026-09-12,2026-07-21,12-Sep: full overwrite — not in count,,
Other,M16,0,packet,out,,,1,2026-09-12,2026-07-21,12-Sep: full overwrite — not in count,,
Other,Noodle packets,0,assorted,out,,,1,2026-09-12,2026-07-21,12-Sep: full overwrite — not in count,,
Other,Red Thai noodles,0,packet,out,,,1,2026-09-12,2026-07-21,12-Sep: full overwrite — not in count,,
Other,Hakka noodles,0,packet,out,,,1,2026-09-12,2026-07-21,12-Sep: full overwrite — not in count,,
Grains & pantry,Noodles,0,g,out,,,1,2026-09-12,2026-07-21,12-Sep: full overwrite — not in count,,
Grains & pantry,Vermicelli,0,g,out,,,1,2026-09-12,2026-07-21,12-Sep: full overwrite — not in count,,
Grains,Pasta,250,g,in,,,1,2026-09-12,2026-09-12,12-Sep full overwrite (operator),,
Grains & pantry,Fusilli/Bucatini pasta,0,packet,out,,,1,2026-09-12,2026-07-21,12-Sep: full overwrite — not in count,,
Grains & pantry,Tagliatelle/Mezze pasta,0,packet,out,,,1,2026-09-12,2026-07-21,12-Sep: full overwrite — not in count,,
Other,Tteokbokki carbonara,0,packet,out,,,1,2026-09-12,2026-07-21,12-Sep: full overwrite — not in count,,
Meat & fish,Fried pork,0,packet,out,,,1,2026-08-08,2026-08-17,17-Aug Bhavya overwrote — smart-list check result (perishable overwrite): removed (not in Bhavya count),,
Total items,,=COUNTA(B5:B222),,,,,,,,,,
In stock,,"=COUNTIF(E5:E222,""in"")",,,,,,,,,,
Out / reorder,,"=COUNTIF(E5:E222,""out"")",,,,,,,,,,
Vegetable,Cremini mushroom,20,g,in,,,1,2026-09-24,2026-09-21,09-24: -80g L veg stir fry,,
Vegetable,Spinach,0,g,out,,,1,2026-09-19,2026-09-19,16-Sep perishable overwrite (operator),,
Meat,Paneer,0,g,out,,,1,2026-09-19,2026-09-19,16-Sep perishable overwrite (operator),,
Vegetable,Ginger,30,g,in,,,1,2026-09-23,2026-09-19,23-Sep perishable overwrite,,
FnV,"Red chilli (long, fresh)",0,g,out,,,1,2026-08-08,2026-08-08,"Merged into ""Green chilli"" 8-Aug",,
Vegetable,Garlic,250,g,in,,,1,2026-09-23,2026-09-18,23-Sep perishable overwrite,,
Dairy,Cheese block,0,g,out,,,1,2026-08-03,2026-08-03,Not in the 3-Aug perishable list — cleared to 0 (was 40 g),,
Frozen,Frozen peas,600,g,in,,,1,2026-09-23,2026-09-18,23-Sep: restored (operator),,
Meat,Chicken breast,450,g,in,,,1,2026-09-24,2026-09-19,24-Sep order,,
Non-food,Manual hand-press juicer,0,pc,out,,,1,2026-09-12,2026-07-24,12-Sep: full overwrite — not in count,,
Vegetable,Haricot beans,0,g,out,,,,2026-08-08,2026-08-17,17-Aug Bhavya overwrote — smart-list check result (perishable overwrite): removed (not in Bhavya count),,
Vegetable,Carrot,0,pc,out,,,,2026-09-24,2026-09-19,09-24: -2pc L salad,,
Vegetable,Cucumber,0,g,out,,,,2026-09-23,2026-09-19,23-Sep perishable overwrite,,
Dals,Kala chana,640,g,in,,,,2026-09-12,2026-09-12,12-Sep full overwrite (operator),,
Dals,Urad dal,100,g,in,,,,2026-09-12,2026-09-12,12-Sep full overwrite (operator),,
Vegetable,Rocket leaves (arugula),0,g,out,,,,2026-09-12,2026-09-09,12-Sep: full overwrite — not in count,,
Bread & bakery,Sourdough bread,1.5,loaf,in,,,1,2026-09-23,2026-09-18,23-Sep perishable overwrite,,2026-08-07
Fruit,Guava,0,pc,out,,,1,2026-08-08,2026-08-08,Not in 8-Aug perishable inventory — zeroed,,
Dairy,Tzatziki,0,g,out,,,1,2026-08-05,2026-08-05,Not in the 5-Aug Bhavya overwrote — smart-list check result (perishable overwrite) — cleared to 0 (was 150 g),,
Condiment,Green chutney,0,g,out,,,1,2026-09-12,2026-08-03,12-Sep: full overwrite — not in count,,
Condiment,Tamarind chutney,0,g,out,,,1,2026-09-12,2026-08-03,12-Sep: full overwrite — not in count,,
Pantry,Knorr chicken cube,0,g,out,,,1,2026-08-21,2026-08-21,"(kept — seasoning cube, not chicken meat)",,
Frozen,Sweet corn kernels,0,g,out,,,1,2026-08-08,2026-08-08,"Merged into ""Yellow sweet corn"" 8-Aug",,
Vegetable,Romaine lettuce,0,g,out,,,1,2026-08-21,2026-08-21,21-Aug removed (Bhavya),,
Vegetable,Butterhead lettuce,0,g,out,,,1,2026-08-21,2026-08-21,21-Aug removed (Bhavya),,
Meat & fish,Pork (packet),0,packet,out,,,1,2026-08-08,2026-08-08,"Merged into ""Fried pork"" 8-Aug",,
Fruit,Cherry (imported),0,g,out,,,1,2026-08-08,2026-08-05,D — the last 10 g of cherries,,2026-08-04
Spice,Keya hot red chilli flakes,0,g,out,,,1,2026-09-12,2026-08-04,12-Sep: full overwrite — not in count,,2026-08-04
Vegetable,Indian cucumber,0,pc,out,,,1,2026-08-08,2026-08-08,"Merged into ""English cucumber"" 8-Aug",,
Dairy,Godrej Jersey Slim skimmed milk,0,ml,out,,,1,2026-09-12,2026-09-05,12-Sep: full overwrite — not in count,,
Dairy,Buttermilk (tetra pack),0,pack,out,,,1,2026-08-08,2026-08-08,Not in 8-Aug perishable inventory — zeroed,,
Vegetable,Yellow sweet corn (cob),0,pc,out,,,1,2026-08-08,2026-08-13,13-Aug B: cutlets used cob too (150g need vs 100g kernels),,
Dairy,Skyr,0,g,out,,,,2026-09-23,2026-09-18,23-Sep: not in perishable overwrite,,
Fruit,Pink Lady apple,0,g,out,,,,2026-09-18,2026-09-18,09-18: -200g D bhindi masala,,
Fruit,Packham pear,0,pc,out,,,,2026-08-10,2026-08-17,17-Aug Bhavya overwrote — smart-list check result (perishable overwrite): removed (not in Bhavya count),,
Vegetable,Indian tomato,0,g,out,,,,2026-08-12,2026-08-14,14-Aug: L Railway tomato soup (extra tomato),,
Fruit,Imported blueberry,0,g,out,,,,2026-09-10,2026-09-10,10-Sep: blueberry removed,,
Staple,Oats,0,g,out,,,,2026-09-12,2026-08-12,12-Sep: full overwrite — not in count,,
Vegetable,Beetroot,0,pc,out,,,,2026-09-02,2026-09-02,2-Sep Bhavya overwrote — smart-list check result (EOD perishable count): not in the count (was 1.5pc),,
Dairy,Lactose free milk,350,ml,in,,,,2026-09-24,2026-09-19,09-24: -150ml D Disha bowl,,
Condiment,Ginger garlic paste,450,g,in,,,,2026-09-12,2026-09-12,12-Sep full overwrite (operator),,
Vegetable,Button mushroom,0,g,out,,,,2026-09-12,2026-09-05,12-Sep: full overwrite — not in count,,
Vegetable,Cherry tomato,0,g,out,,,,2026-09-02,2026-09-02,2-Sep Bhavya overwrote — smart-list check result (EOD perishable count): not in the count (was 110g),,
Vegetable,Green beans,0,g,out,,,,2026-09-02,2026-09-02,2-Sep Bhavya overwrote — smart-list check result (EOD perishable count): not in the count (was 60g),,
Dairy,Slim milk,0,ml,out,,,1,2026-09-23,2026-09-19,23-Sep: not in perishable overwrite,,
Meat,Chicken keema,0,g,out,,,1,2026-09-19,2026-09-19,16-Sep perishable overwrite (operator),,
Fruit,Avocado,0,pc,out,,,1,2026-09-12,2026-09-05,12-Sep: full overwrite — not in count,,
Dairy,Akshayakalpa high protein milk,0,ml,out,,,1,2026-09-11,2026-09-05,09-11: -250ml D shake milk,,
Condiment,Chicken broth curry cubes,0,g,out,,,1,2026-09-12,2026-09-05,12-Sep: full overwrite — not in count,,
Dairy,GoodLife milk,0,ml,out,,,1,2026-09-23,2026-09-19,23-Sep: not in perishable overwrite,,
Meat,Marinated chicken (open),0,g,out,,,1,2026-09-09,2026-09-05,09-09: -100g L chicken cacciatore,,
Dairy,Cheese & jalapeno spread,0,g,out,,,1,2026-09-12,2026-09-05,12-Sep: full overwrite — not in count,,
Vegetable,Peeled garlic,0,g,out,,,1,2026-09-12,2026-09-05,12-Sep: full overwrite — not in count,,
Vegetable,Celery,0,g,out,,,1,2026-09-16,2026-09-12,09-16: -30g L stir fry,,
Vegetable,Green lettuce,0,g,out,,,1,2026-09-11,2026-09-11,11-Sep: green lettuce removed,,
Staple,Mixed dry fruits,0,g,out,,,1,2026-09-12,2026-09-09,12-Sep: full overwrite — not in count,,
Staple,Walnuts,90,g,in,,,1,2026-09-24,2026-09-12,09-24: -10g D Anirudh bowl,,
Spice,Mixed herbs,40,g,in,,,1,2026-09-12,2026-09-12,12-Sep full overwrite (operator),,
Dairy,Idli dosa batter,0,g,out,,,1,2026-09-24,2026-09-19,09-24: -150g B egg dosa,,
Vegetable,Beans,50,g,in,,,1,2026-09-23,2026-09-19,23-Sep perishable overwrite,,
Vegetable,Baby corn,0,g,out,,,1,2026-09-12,2026-09-11,12-Sep: full overwrite — not in count,,
Spice,Onion powder,50,g,in,,,1,2026-09-12,2026-09-12,12-Sep full overwrite — NEW,,
Spice,Chilli flakes,20,g,in,,,1,2026-09-12,2026-09-12,12-Sep full overwrite — NEW,,
Spice,Black salt,60,g,in,,,1,2026-09-12,2026-09-12,12-Sep full overwrite — NEW,,
Condiment,Soy sauce,50,ml,in,,,1,2026-09-12,2026-09-12,12-Sep full overwrite — NEW,,
Condiment,Sesame oil,50,ml,in,,,1,2026-09-12,2026-09-12,12-Sep full overwrite — NEW,,
Condiment,Mustard sauce,200,g,in,,,1,2026-09-12,2026-09-12,12-Sep full overwrite — NEW,,
Condiment,Chilli lime hot sauce,75,g,in,,,1,2026-09-12,2026-09-12,12-Sep full overwrite — NEW,,
Condiment,Oyster sauce,500,g,in,,,1,2026-09-12,2026-09-12,12-Sep full overwrite — NEW,,
Condiment,Pomegranate molasses,150,ml,in,,,1,2026-09-24,2026-09-12,09-24: -50ml D Disha bowl,,
Condiment,Borges balsamic vinegar,175,ml,in,,,1,2026-09-12,2026-09-12,12-Sep full overwrite — NEW,,
Condiment,Fortune rice bran oil,400,ml,in,,,1,2026-09-12,2026-09-12,12-Sep full overwrite — NEW,,
Staple,Cocoa powder,275,g,in,,,1,2026-09-12,2026-09-12,12-Sep full overwrite — NEW,,
Staple,Chia seeds,110,g,in,,,1,2026-09-12,2026-09-12,12-Sep full overwrite — NEW,,
Staple,Basil seeds,110,g,in,,,1,2026-09-12,2026-09-12,12-Sep full overwrite — NEW,,
Staple,Seed mix,50,g,in,,,1,2026-09-12,2026-09-12,12-Sep full overwrite — NEW,,
Condiment,Mixed pickle,500,g,in,,,1,2026-09-12,2026-09-12,12-Sep full overwrite — NEW,,
Spice,Jeeralu,100,g,in,,,1,2026-09-12,2026-09-12,12-Sep full overwrite — NEW,,
Staple,Peanut masala,100,g,in,,,1,2026-09-12,2026-09-12,12-Sep full overwrite — NEW,,
Staple,Peanut sweet masala,100,g,in,,,1,2026-09-12,2026-09-12,12-Sep full overwrite — NEW,,
Spice,Kora sambhar,50,g,in,,,1,2026-09-12,2026-09-12,12-Sep full overwrite — NEW,,
Staple,Black raisins,70,g,in,,,1,2026-09-12,2026-09-12,12-Sep full overwrite — NEW,,
Staple,Raisins,20,g,in,,,1,2026-09-12,2026-09-12,12-Sep full overwrite — NEW,,
Condiment,Sesame cooking oil,420,g,in,,,1,2026-09-12,2026-09-12,12-Sep full overwrite — NEW,,
Beverage,Badam milk powder,100,g,in,,,1,2026-09-12,2026-09-12,12-Sep full overwrite — NEW,,
Spice,Garam masala,100,g,in,,,1,2026-09-12,2026-09-12,12-Sep full overwrite — NEW,,
Spice,Methi seeds,250,g,in,,,1,2026-09-12,2026-09-12,12-Sep full overwrite — NEW,,
Staple,Sesame seeds,220,g,in,,,1,2026-09-12,2026-09-12,12-Sep full overwrite — NEW,,
Dals,Orange masoor split dal,30,g,in,,,1,2026-09-12,2026-09-12,12-Sep full overwrite — NEW,,
Dals,Arhar dal,800,g,in,,,1,2026-09-18,2026-09-12,09-18: -100g D dal tadka,,
Dals,Moong dal,490,g,in,,,1,2026-09-12,2026-09-12,12-Sep full overwrite — NEW,,
Spice,White pepper powder,40,g,in,,,1,2026-09-12,2026-09-12,12-Sep full overwrite — NEW,,
Spice,Black pepper (whole),80,g,in,,,1,2026-09-24,2026-09-12,09-24: -5g L kali mirch chicken,,
Spice,MTR hing,25,g,in,,,1,2026-09-12,2026-09-12,12-Sep full overwrite — NEW,,
Spice,Jeera powder,20,g,in,,,1,2026-09-12,2026-09-12,12-Sep full overwrite — NEW,,
Spice,Dry red chilli,20,g,in,,,1,2026-09-12,2026-09-12,12-Sep full overwrite — NEW,,
Spice,Chilli powder,20,g,in,,,1,2026-09-12,2026-09-12,12-Sep full overwrite — NEW,,
Spice,Haldi (turmeric powder),620,g,in,,,1,2026-09-12,2026-09-12,12-Sep full overwrite — NEW,,
Spice,Pepper (whole),10,g,in,,,1,2026-09-12,2026-09-12,12-Sep full overwrite — NEW,,
Spice,Clove,75,g,in,,,1,2026-09-12,2026-09-12,12-Sep full overwrite — NEW,,
Spice,Bay leaf,10,g,in,,,1,2026-09-12,2026-09-12,12-Sep full overwrite — NEW,,
Spice,Cinnamon sticks,60,g,in,,,1,2026-09-12,2026-09-12,12-Sep full overwrite — NEW,,
Spice,Big cloves,10,g,in,,,1,2026-09-12,2026-09-12,12-Sep full overwrite — NEW,,
Spice,Pudina powder,100,g,in,,,1,2026-09-12,2026-09-12,12-Sep full overwrite — NEW,,
Condiment,Kachi ghani mustard oil,250,g,in,,,1,2026-09-12,2026-09-12,12-Sep full overwrite — NEW,,
Spice,Pink salt,50,g,in,,,1,2026-09-12,2026-09-12,12-Sep full overwrite — NEW,,
Condiment,Tamarind,80,g,in,,,1,2026-09-12,2026-09-12,12-Sep full overwrite — NEW,,
Condiment,Sugar,700,g,in,,,1,2026-09-12,2026-09-12,12-Sep full overwrite — NEW,,
Condiment,Monk fruit sweetener,20,sachet,in,,,1,2026-09-12,2026-09-12,12-Sep full overwrite — NEW,,
Dals,Whole black urad dal,50,g,in,,,1,2026-09-12,2026-09-12,12-Sep full overwrite — NEW,,
Dals,Horse gram,60,g,in,,,1,2026-09-12,2026-09-12,12-Sep full overwrite — NEW,,
Spice,Ajwain,50,g,in,,,1,2026-09-12,2026-09-12,12-Sep full overwrite — NEW,,
Staple,Alsi seeds,620,g,in,,,1,2026-09-12,2026-09-12,12-Sep full overwrite — NEW,,
Spice,Sambhar powder,60,g,in,,,1,2026-09-12,2026-09-12,12-Sep full overwrite — NEW,,
Spice,Coriander seeds,125,g,in,,,1,2026-09-12,2026-09-12,12-Sep full overwrite — NEW,,
Staple,Flax seeds masala,100,g,in,,,1,2026-09-12,2026-09-12,12-Sep full overwrite — NEW,,
Grains,Pad thai noodles,250,g,in,,,1,2026-09-12,2026-09-12,12-Sep full overwrite — NEW,,
Spice,Fennel seeds,100,g,in,,,1,2026-09-12,2026-09-12,12-Sep full overwrite — NEW,,
Beverage,Coffee powder,50,g,in,,,1,2026-09-12,2026-09-12,12-Sep full overwrite — NEW,,
Grains,Spaghetti,300,g,in,,,1,2026-09-12,2026-09-12,12-Sep full overwrite — NEW,,
Grains,Rolled oats,260,g,in,,,1,2026-09-15,2026-09-12,09-15: -40g B oats paneer chilla,,
Grains,Sabudana,500,g,in,,,1,2026-09-12,2026-09-12,12-Sep full overwrite — NEW,,
Grains,Rice,0,g,out,,,1,2026-09-15,2026-09-12,09-15: -50g L rice,,
Dals,Kabuli chana,250,g,in,,,1,2026-09-12,2026-09-12,12-Sep full overwrite — NEW,,
Dals,Rajma,220,g,in,,,1,2026-09-21,2026-09-12,09-21: -80g L burrito,,
Dals,Chana dal,800,g,in,,,1,2026-09-12,2026-09-12,12-Sep full overwrite — NEW,,
Grains,Rava,125,g,in,,,1,2026-09-12,2026-09-12,12-Sep full overwrite — NEW,,
Grains,Sona masoori rice,550,g,in,,,1,2026-09-24,2026-09-12,09-24: -150g L rice (Disha),,
Condiment,Jaggery,250,g,in,,,1,2026-09-12,2026-09-12,12-Sep full overwrite — NEW,,
Grains,Multigrain atta,560,g,in,,,1,2026-09-18,2026-09-12,09-18: -240g D 6 rotis,,
Condiment,Jaggery powder,365,g,in,,,1,2026-09-12,2026-09-12,12-Sep full overwrite — NEW,,
Dals,Orange masoor dal,1500,g,in,,,1,2026-09-12,2026-09-12,12-Sep full overwrite — NEW,,
Grains,Rice flour,480,g,in,,,1,2026-09-12,2026-09-12,12-Sep full overwrite — NEW,,
Grains,Jowar flour,100,g,in,,,1,2026-09-12,2026-09-12,12-Sep full overwrite — NEW,,
Grains,Maida,185,g,in,,,1,2026-09-12,2026-09-12,12-Sep full overwrite — NEW,,
Dals,Green moong,500,g,in,,,1,2026-09-12,2026-09-12,12-Sep full overwrite — NEW,,
Staple,Pista,65,g,in,,,1,2026-09-12,2026-09-12,12-Sep full overwrite — NEW,,
Condiment,Orange fruit spread,500,g,in,,,1,2026-09-12,2026-09-12,12-Sep full overwrite — NEW,,
Condiment,Gochujang paste,450,g,in,,,1,2026-09-12,2026-09-12,12-Sep full overwrite — NEW,,
Dairy,Cheese spread,150,g,in,,,1,2026-09-23,2026-09-19,23-Sep perishable overwrite,,
Condiment,Gherkins,300,g,in,,,1,2026-09-12,2026-09-12,12-Sep full overwrite — NEW,,
Dairy,Sour cream,0,g,out,,,1,2026-09-16,2026-09-12,16-Sep: removed — not in perishable count,,
Dairy,Amul lactose free milk,0,pack,out,,,1,2026-09-15,2026-09-12,09-15: -1pack D shake milk,,
Dairy,Coconut milk,0,g,out,,,1,2026-09-15,2026-09-12,15-Sep: removed,,
Condiment,Hellmann's mayonnaise,260,g,in,,,1,2026-09-12,2026-09-12,12-Sep full overwrite — NEW,,
Condiment,Curry cubes,100,g,in,,,1,2026-09-12,2026-09-12,12-Sep full overwrite — NEW,,
Condiment,Red chilli paste,200,g,in,,,1,2026-09-12,2026-09-12,12-Sep full overwrite — NEW,,
Condiment,Sliced jalapeno,150,g,in,,,1,2026-09-12,2026-09-12,12-Sep full overwrite — NEW,,
Staple,Sliced black olives,200,g,in,,,1,2026-09-12,2026-09-12,12-Sep full overwrite — NEW,,
Condiment,Peanut butter,100,g,in,,,1,2026-09-12,2026-09-12,12-Sep full overwrite — NEW,,
Condiment,Tamarind paste,80,g,in,,,1,2026-09-12,2026-09-12,12-Sep full overwrite — NEW,,
Vegetable,Coriander leaves,0,g,out,,,1,2026-09-16,2026-09-12,16-Sep: merged into Coriander,,
Meat,Minced chicken,0,g,out,,,1,2026-09-16,2026-09-12,16-Sep: merged into Chicken keema,,
Frozen,Frozen mango,400,g,in,,,1,2026-09-23,2026-09-18,23-Sep: restored (operator),,
Dairy,Cheddar cheese,0,g,out,,,1,2026-09-19,2026-09-19,16-Sep perishable overwrite (operator),,
Condiment,Chilli oil,50,g,in,,,1,2026-09-12,2026-09-12,12-Sep full overwrite — NEW,,
Condiment,Tomato paste,115,g,in,,,1,2026-09-12,2026-09-12,12-Sep full overwrite — NEW,,
Spice,Mace,16,g,in,,,1,2026-09-12,2026-09-12,12-Sep full overwrite — NEW,,
Condiment,Red cabbage sauerkraut,100,g,in,,,1,2026-09-12,2026-09-12,12-Sep full overwrite — NEW,,
Staple,Pepper feta stuffed,200,g,in,,,1,2026-09-12,2026-09-12,12-Sep full overwrite — NEW,,
Dairy,Ghee,800,g,in,,,1,2026-09-18,2026-09-18,19-Sep: restored (operator),,
Vegetable,Basil,0,g,out,,,1,2026-09-16,2026-09-12,16-Sep: removed — not in perishable count,,
Vegetable,French beans,0,g,out,,,1,2026-09-16,2026-09-12,16-Sep: merged into Beans,,
Fruit,Raspberry,0,g,out,,,1,2026-09-15,2026-09-15,15-Sep: raspberry removed,,
Vegetable,Coconut chunks,0,pc,out,,,1,2026-09-18,2026-09-18,18-Sep count (operator),,
Condiment,Thai soy sauce,680,ml,in,,,1,2026-09-12,2026-09-12,12-Sep full overwrite — NEW,,
Condiment,Tomato ketchup,0,ml,out,,,1,2026-09-23,2026-09-12,23-Sep: set 0 (operator),,
Staple,Sabja seeds,100,g,in,,,1,2026-09-12,2026-09-12,12-Sep full overwrite — NEW,,
Spice,Cumin seeds,25,g,in,,,1,2026-09-12,2026-09-12,12-Sep full overwrite — NEW,,
Spice,Elaichi,35,g,in,,,1,2026-09-12,2026-09-12,12-Sep full overwrite — NEW,,
Spice,Amchur,60,g,in,,,1,2026-09-12,2026-09-12,12-Sep full overwrite — NEW,,
Staple,Black sesame,174,g,in,,,1,2026-09-12,2026-09-12,12-Sep full overwrite — NEW,,
Grains,Whey isolate,1000,g,in,,,1,2026-09-12,2026-09-12,12-Sep full overwrite — NEW,,
Bread & bakery,Bread,0,g,out,,,1,2026-09-21,2026-09-19,09-21: -150g B egg sandwich,,
Vegetable,Lemon,6,pc,in,,,1,2026-09-23,2026-09-21,23-Sep perishable overwrite,,
Vegetable,Tomato,4,pc,in,,,1,2026-09-23,2026-09-21,23-Sep perishable overwrite,,
Dairy,Nandini goodlife milk,500,ml,in,,,1,2026-09-23,,23-Sep perishable overwrite,,
Dairy,Nandini goodlife slim milk,700,ml,in,,,1,2026-09-23,,23-Sep perishable overwrite,,
Dairy,Milky mist skyr,500,g,in,,,1,2026-09-23,,23-Sep perishable overwrite,,
Dairy,Milky mist fresh cream,500,ml,in,,,1,2026-09-23,,23-Sep perishable overwrite,,
Dairy,Britannia cheese slice,4,slice,in,,,1,2026-09-23,,23-Sep perishable overwrite,,
Dairy,Amul cheese slice,3,slice,in,,,1,2026-09-23,,23-Sep perishable overwrite,,
Vegetable,Coriander leaf,65,g,in,,,1,2026-09-24,,09-24: -15g B coconut coriander chutney,,
Vegetable,Green capsicum,0.5,pc,in,,,1,2026-09-23,,23-Sep perishable overwrite,,
Vegetable,Red capsicum,0.2,pc,in,,,1,2026-09-23,,23-Sep perishable overwrite,,
Vegetable,Babycorn,7,pc,in,,,1,2026-09-23,,23-Sep perishable overwrite,,
Vegetable,Broccoli,1,pc,in,,,1,2026-09-23,,23-Sep perishable overwrite,,
Vegetable,Bok choy,0,pc,out,,,1,2026-09-24,,09-24: -1pc L veg stir fry,,
Fruit,Peeled pomegranate,200,g,in,,,1,2026-09-23,,23-Sep perishable overwrite,,
Vegetable,Lettuce,0,g,out,,,1,2026-09-23,,23-Sep perishable overwrite,,
Fruit,Soursop,1,pc,in,,,1,2026-09-23,,23-Sep perishable overwrite,,
Vegetable,Small coconut,0,pc,out,,,1,2026-09-24,,09-24: -1pc B coconut coriander chutney,,
Vegetable,English cucumber,440,g,in,,,1,2026-09-24,,09-24: -60g L salad,,
Condiment,Del Monte tomato ketchup,850,g,in,,,1,2026-09-24,,24-Sep order,,
