Kartik & Dhara,,,,,,,,,,,,
Current stock · 2 on record,,,,,,,,,,,,
Category,Item,Quantity,Unit,Status,Est,Verify,Factor,Last checked,Last entered,Note,Expiry,Bought
Vegetable,Beetroot,0,g,out,,,1,2026-07-21,2026-06-17,not in 21-Jul after count,,
Vegetable,Garlic,110,g,in,,,0.9,2026-09-09,2026-09-06,09-09: -15g D garlic bread,,
Vegetable,Ginger,600,g,in,,,2,2026-09-06,2026-09-06,6-Sep perishable overwrite (Bhavya),,
Vegetable,Green chilli,0,g,out,,,1,2026-09-06,2026-09-06,6-Sep perishable overwrite (Bhavya): not in the count (was 80g),,2026-08-08
Vegetable,Mint,0,g,out,,,100,2026-09-04,2026-09-04,4-Sep veg+fruit full overwrite (Bhavya): not in the count (was 80g),,
Vegetable,Onion,11,pc,in,,,2,2026-09-06,2026-09-06,6-Sep perishable overwrite (Bhavya),,
Vegetable,Potato,5,pc,in,,,1,2026-09-06,2026-09-06,6-Sep perishable overwrite (Bhavya),,
Vegetable,Spring onion,0,g,out,,,1,2026-09-15,2026-09-06,09-15: -40g D spring onion paneer fry,,
Fruit,Tender coconut (chopped),0,g,out,,,1,2026-08-08,2026-08-08,Not in 8-Aug perishable inventory — zeroed,,
Vegetable,Tomato,9,pc,in,,,1.2,2026-09-06,2026-09-06,6-Sep perishable overwrite (Bhavya),,
Bread & bakery,Pizza bread,0,pc,out,,,,2026-08-08,2026-08-08,Removed 8-Aug — bread not in stock (was 0 pc),,
Bread & bakery,Sourdough (olive & rosemary),0,loaf,out,,,,2026-08-08,2026-08-08,Removed 8-Aug — bread not in stock (was 0 g),,
Dairy,Buttermilk,0,ml,out,,,,2026-08-22,2026-08-22,"(corrected — Zepto was curd ONLY, buttermilk not ordered)",,2026-08-07
Dairy,Curd/yogurt,400,g,in,yes,,,2026-09-07,2026-09-07,7-Sep order (curd set),,
Dairy,Fresh cream,170,ml,in,,,,2026-09-02,2026-08-27,2-Sep: +60ml restored — 1-Sep dinner was NOT cooked (Bhavya),,
Meat,Paneer,0,g,out,,,,2026-09-11,2026-09-07,09-11: -50g L paneer gassi,,2026-08-03
Dairy,Raw cow milk,0,ml,out,,,,,2026-06-24,26-Aug: blank quantity normalised to 0,,
Dairy,Skyr (Milky Mist),0,pc,out,,,,2026-07-21,2026-06-21,not in 21-Jul after count,,
Vegetable,Ash gourd,0,g,out,,,1,2026-07-21,2026-06-10,not in 21-Jul after count,,
Vegetable,Baby corn,0,g,out,,,1,2026-08-10,2026-08-16,16-Aug: removed per Bhavya (baby corn/beans),,
Fruit,Banana,0,pc,out,,,1,2026-08-22,2026-08-22,(banana fruit stays 0 — banana FLOWER is separate row),,2026-08-08
Vegetable,Brinjal,400,g,in,,,1,2026-09-14,2026-09-06,09-14: -100g L baingan parwal,,
Vegetable,Broccoli,0,g,out,,,1,2026-08-08,2026-08-08,Not in 8-Aug perishable inventory — zeroed,,2026-08-05
Vegetable,Button mushroom,0,g,out,,,1,2026-07-21,2026-06-21,not in 21-Jul after count,,
Vegetable,Cabbage,0,pc,out,,,1,2026-08-05,2026-08-03,L cabbage stew — all the cabbage,,
Vegetable,Carrot,0,pc,out,,,1,2026-09-10,2026-09-06,09-10: -2pc L stew vegetables,,2026-08-05
Vegetable,Cauliflower,0,g,out,,,1,2026-09-16,2026-09-06,09-16: -50g D roasted cauliflower,,
Vegetable,Cucumber,1.5,pc,in,,,1,2026-09-16,2026-09-06,09-16: -0.5pc L cut cucumber,,
Vegetable,Curry leaves,50,g,in,,,50,2026-09-06,2026-09-06,6-Sep perishable overwrite (Bhavya),,
Vegetable,Dill,0,g,out,,,1,2026-07-21,2026-06-10,not in 21-Jul after count,,
Fruit,Dried cranberry,0,g,out,,,1,2026-07-21,2026-06-10,not in 21-Jul after count,,
Vegetable,Drumstick (pods),0,g,out,,,1,2026-07-21,2026-06-10,not in 21-Jul after count,,
Vegetable,Dry coconut,0,pc,out,,,1,2026-09-12,2026-09-06,09-12: -1pc L tender coconut prawns,,2026-08-03
Vegetable,Green beans,0,g,out,,,1,2026-09-04,2026-09-04,4-Sep veg+fruit full overwrite (Bhavya): not in the count (was 100g),,
Vegetable,Green capsicum,200,g,in,,,1,2026-09-07,2026-09-06,09-07: -100g D mix veg stuffed parantha,,2026-08-05
Vegetable,Lady's finger,0,g,out,,,1,2026-09-06,2026-09-06,6-Sep perishable overwrite (Bhavya): not in the count (was 70g),,
Vegetable,Lemon,3,pc,in,,,1,2026-09-08,2026-09-06,09-08: -1pc D rohu marinade,,2026-08-07
Vegetable,Lettuce,0,g,out,yes,,1,2026-07-21,2026-07-23,23-Jul discarded,,
Spice,Methi (fenugreek),0,g,out,,,250,2026-07-21,2026-07-12,not in 21-Jul after count,,
Fruit,Papaya,0,g,out,,,1,2026-07-21,2026-06-10,not in 21-Jul after count,,
Vegetable,Parwal,0,pc,out,,,1,2026-09-07,2026-09-06,09-07: -2pc L baingan parwal sabji,,
Vegetable,Pumpkin,0,g,out,,,1,2026-07-21,2026-06-10,not in 21-Jul after count,,
Vegetable,Red cabbage,0,g,out,,,1,2026-07-21,2026-06-10,not in 21-Jul after count,,
Vegetable,Red capsicum,0,pc,out,,,1,2026-09-04,2026-09-04,4-Sep veg+fruit full overwrite (Bhavya): not in the count (was 1pc),,2026-08-05
Vegetable,Romanesco,0,g,out,,,1,2026-07-21,2026-06-10,not in 21-Jul after count,,
Vegetable,Spinach/Palak,0,g,out,,,1,2026-07-21,2026-07-09,not in 21-Jul after count,,
Vegetable,Sweet corn,0,g,out,,,1,2026-07-21,2026-06-10,not in 21-Jul after count,,
Fruit,Watermelon (cut),0,g,out,,,1,2026-07-21,2026-07-08,not in 21-Jul after count,,
Vegetable,Yellow capsicum,0,pc,out,,,1,2026-09-04,2026-09-04,4-Sep veg+fruit full overwrite (Bhavya): not in the count (was 1pc),,2026-08-05
Vegetable,Zucchini,0,g,out,,,1,2026-07-21,2026-07-12,not in 21-Jul after count,,
Fruit,Kiwi (green),0,g,out,,,,2026-07-21,2026-08-16,16-Aug: removed (kiwi green),,
Fruit,Mango (ripe),0,pc,out,,,,2026-07-21,,not in 21-Jul after count,,
Fruit,Muskmelon (netted),0,g,out,,,,2026-07-21,2026-06-26,not in 21-Jul after count,,
Fruit,Raw banana,0,pc,out,,,,2026-08-31,2026-08-27,31-Aug: -0.5pc L raw banana and papaya curry,,
Herb,Basil,0,g,out,,,,2026-07-21,2026-06-21,not in 21-Jul after count,,
Pantry,Coconut milk,0,g,out,,,,2026-08-12,2026-08-12,Phantom restore reversed — coconut milk was 0 before Tue; dinner deduction had floored at 0,,
Pantry,Mustard sauce,0,g,out,,,,,2026-06-21,26-Aug: blank quantity normalised to 0,,
Pantry,Pooja coconut (whole),0,whole,out,,,,2026-08-29,2026-08-15,29-Aug: -0.1whole D chicken chettinad curry,,
Pantry,Salt (Tata),670,g,in,,,,2026-08-11,2026-08-11,across the day,,
Pantry,Sona masoori rice,0,g,out,,,,2026-08-12,2026-08-11,6-Sep: rice removed (already 0),,
Protein,Chicken (boneless),0,pc,out,,,,2026-07-21,2026-08-13,13-Aug: L chicken curry,,
Protein,Chicken (curry cut),0,pc,out,,,,2026-07-21,2026-07-25,25-Jul: removed totally,,
Protein,Chicken breast — merged (do not use),0,g,in,,,,2026-09-06,2026-09-06,6-Sep: 450g moved to the live chicken breast row — this row is retired,,2026-08-05
Protein,Chicken gravy packets,0,pc,out,,,,2026-07-21,2026-07-25,25-Jul: removed totally,,
Meat,Eggs,0,pc,out,,,,2026-09-14,2026-09-06,09-14: -1pc B 2 boiled eggs,,2026-08-05
Protein,Meaty kakori kebab,0,g,out,,,,2026-07-21,2026-06-10,not in 21-Jul after count,,
Protein,Ruhi fish (rohu),0,g,out,,,,2026-09-08,2026-09-06,09-08: -200g D prep (thaw + marinate rohu),,
Vegetable,Drumstick (moringa),0,g,out,,,,2026-07-21,2026-06-10,not in 21-Jul after count,,
Vegetable,Jackfruit (khatal),0,pc,out,,,,2026-07-21,2026-06-10,not in 21-Jul after count,,
Total items,,=COUNTA(B5:B85),,,,,,,,,,
In stock,,"=COUNTIF(E5:E85,""in"")",,,,,,,,,,
Out / reorder,,"=COUNTIF(E5:E85,""out"")",,,,,,,,,,
Protein,Tofu,0,g,out,yes,,1,2026-08-31,2026-08-30,31-Aug: -200g L miso-glazed tofu,,
Vegetable,Knol khol (kohlrabi),0,g,out,,,1,2026-07-21,2026-06-28,not in 21-Jul after count,,
Vegetable,Bok choy,0,g,out,,,1,2026-08-19,2026-08-20,20-Aug: removed — over (Bhavya),,
Meat & fish,Salmon,0,g,out,,,1,2026-07-21,2026-06-28,not in 21-Jul after count,,
Grains,Rice (Bhoomi Farms),0,g,out,,,1,2026-08-03,2026-08-11,6-Sep: rice removed (already 0),,
Pasta,Whole wheat spaghetti (yu),70,g,in,,,1,2026-09-07,2026-09-06,09-07: -80g D stuffed parantha (wheat),,
Grains,Whole wheat atta noodles,0,g,out,,,1,2026-09-06,2026-09-06,6-Sep: restored to 0 — plain atta belongs on its own row,,
Pasta,Farfalle whole wheat (Dolce Vita),220,g,in,,,1,2026-09-16,2026-09-06,09-16: -100g D chicken cacio e pepe,,
Frozen,Frozen peas,0,pack,out,,,1,2026-08-08,2026-08-08,5-Sep overwrite (Bhavya): kept SAME AS BEFORE (aromatic/staple on instruction),,
Vegetable,Lady's finger (okra),0,g,out,,,1,2026-09-05,2026-09-04,09-05: -150g D bhindi fry,,
Fruit,Jamun,0,g,out,,,1,2026-07-21,2026-07-03,not in 21-Jul after count,,
FnV,Gondhoraj lemon,0,pc,out,,,1,2026-08-08,2026-08-08,"Merged into ""Lemon"" 8-Aug",,
Vegetable,Spine gourd,0,g,out,,,1,2026-08-22,2026-08-21,22-Aug: -200g L prawn curry + pakhala + badi chura + aloo bharta + spine gourd fry (L spine gourd fry),,
Fruit,Avocado,0,pc,out,,,1,2026-08-10,2026-08-14,14-Aug: B smoothie 1pc,,2026-08-08
Pantry,Mustard oil,1000,ml,in,,,1,2026-09-12,2026-09-06,12-Sep: kept separate from Gramiya (different brand),,
Meat & fish,Fish,0,g,out,,,1,2026-07-21,2026-07-08,not in 21-Jul after count,,
Fruit,Apple,0,pc,out,,,1,2026-07-21,2026-07-04,not in 21-Jul after count,,
Pantry,Peanut butter,290,g,in,est,,,,2026-08-13,13-Aug: B chutney (exhausts),,
Pantry,Hoisin sauce,0,g,out,yes,,,2026-07-05,,,,
Pantry,Sriracha sauce,0,g,out,yes,,,2026-07-05,,,,
Pantry,Honey,0,g,out,yes,,,2026-07-05,,,,
Pantry,Tomato paste,0,g,out,yes,,,2026-07-05,,,,
Bread & bakery,Bread slices,0,pc,out,,,,2026-08-08,2026-08-08,Removed 8-Aug — bread not in stock (was 0 pc),,
Non-food,Parchment paper,0,roll,out,yes,,,2026-07-05,,,,
Fruit,Figs,0,g,out,,,1,2026-07-21,2026-07-05,not in 21-Jul after count,,
Fruit,Guava,0,pc,out,,,1,2026-07-21,2026-07-05,not in 21-Jul after count,,
Dairy,Set curd,0,g,out,yes,,1,2026-07-21,2026-07-23,30-Aug order (placed after all meals): second curd row cleared,,
Meat & fish,Tilapia — merged (do not use),0,g,out,,,1,2026-08-08,2026-08-08,"Merged into ""Tilapia"" r155 then removed 8-Aug",,
Snacks & misc,Kaara Pura butter murukku,100,g,ok,,,,,2026-07-07,added 7-Jul order,,
Spices & pantry,Krishi Veda Byadgi whole chilli,88,g,in,,,,2026-08-06,2026-07-07,L Chettinad masala — Byadgi whole chilli,,
Snacks & misc,Fruit Treat bhindi chips,0,g,out,,,,2026-09-19,2026-09-04,09-19: -25g D bhindi fry,,
Snacks & misc,The Healthy Binge millet baked chips,40,g,ok,,,,,2026-07-07,added 7-Jul order,,
Spices & pantry,Nilgiris sonamasoori raw rice,0,g,out,,,,2026-09-06,2026-08-11,6-Sep: rice removed from board (Bhavya — all rice except idli),,
Spices & pantry,Gardenia Idukki green cardamom,40,g,ok,,,,,2026-07-07,added 7-Jul order,,
Snacks & misc,Troovy healthy protein puffs,40,g,ok,,,,,2026-07-07,added 7-Jul order,,
Fruit,Dragon fruit,1,pc,in,,,,2026-09-06,2026-09-06,6-Sep perishable overwrite (Bhavya),,
Dals,Arhar/Toor dal,0,g,out,,,,2026-09-17,2026-09-06,09-17: -30g B prep (grind adai),,
Dals,Chana dal,550,g,in,,,,2026-09-18,2026-09-06,09-18: -100g B multigrain adai,,
Fruit,Rambutan,0,g,out,,,,2026-09-04,2026-09-04,4-Sep veg+fruit full overwrite (Bhavya): not in the count (was 250g),,
Pasta,Millet noodles,0,g,out,,,,2026-08-30,2026-08-30,30-Aug order (placed after all meals): all pre-existing noodles removed on instruction (was 180g),,
Fruit,Blue grapes,0,g,in,,,,2026-09-03,2026-09-03,3-Sep: the muscat-grape order belongs on its own row,,
Fruit,Dry prunes,0,g,out,,,,2026-07-21,2026-07-09,not in 21-Jul after count,,
Spice,Coriander seeds,67,g,in,,,,2026-08-17,2026-07-16,L Chettinad masala — coriander seeds,,
Pantry,Emmer wheat,0,g,out,,,,2026-08-07,2026-08-17,17-Aug: removed per Bhavya (khapli/emmer wheat),,
Dals,Urad dal,0,g,out,,,,2026-09-06,2026-07-13,6-Sep grains/dals overwrite (Bhavya): not in the grains/dals list,,
FnV,Green tomato,0,g,out,,,,2026-08-08,2026-08-08,"Merged into ""Tomato"" 8-Aug",,
Dairy,Butter,0,g,out,,,,2026-08-08,2026-08-08,Not in 8-Aug perishable inventory — zeroed,,
Dals,Rajma,0,g,out,,,,2026-09-17,2026-09-06,09-17: -50g D rajma wrap,,
Dairy,Milk,0,packet,out,,,,2026-08-08,2026-08-08,12-Aug kheer used up milk (was already ~0 on board) — per Bhavya,,
Meat & fish,Mackerel,0,g,out,,,,2026-07-21,2026-07-22,22-Jul — finished,,
Grains,Quinoa,0,g,out,,,,2026-09-06,2026-08-11,6-Sep grains/dals overwrite (Bhavya): not in the grains/dals list,,
Dals,Green moong,0,g,out,,,,2026-09-06,2026-09-01,6-Sep grains/dals overwrite (Bhavya): not in the grains/dals list,,
Spice,Fennel seeds,72,g,in,g,,,2026-08-06,2026-07-16,L Chettinad masala — fennel,,
Meat & fish,Seekh kebab (frozen),0,g,out,,,,2026-07-16,2026-07-25,25-Jul removed,,
Meat & fish,Minced chicken,0,g,out,,,,2026-08-08,2026-08-08,"Merged into ""Chicken breast"" 8-Aug",,
Meat & fish,Chicken breast (boneless),0,g,out,,,,2026-09-10,2026-08-30,09-10: -100g L kerala chicken stew,,
Meat & fish,Sardines,0,g,out,,,,2026-09-04,2026-08-27,4-Sep: -175g L sardines fry,,
Vegetable,Bottle gourd,0,g,out,,,,2026-08-10,2026-08-09,phantom reversed 11-Aug: Kartik declined lauki 9-Aug,,
Spices,Biryani masala powder,120,g,in,,,,2026-07-16,,mega inventory 16-Jul (added),,
Nuts & seeds,Chia seeds,100,g,ok,,,,2026-07-16,2026-07-16,16-Jul staples mega baseline,,
Grains & pantry,Shirataki noodles,0,g,out,,,,2026-08-30,2026-08-30,30-Aug order (placed after all meals): all pre-existing noodles removed on instruction (was 200g),,
Spice,Red mustard seeds,196,g,in,,,,2026-08-11,2026-08-12,B upma tempering — mustard seeds | Tue dinner NOT cooked — restored +2,,
Oil,Figaro olive oil,965,ml,in,,,,2026-09-02,2026-07-16,2-Sep: +20ml restored — 1-Sep dinner was NOT cooked (Bhavya),,
Oil,Black sesame oil,275,ml,in,,,,2026-09-12,,12-Sep: kept separate from Anveshan (different brand),,
Oil,Groundnut oil,1000,ml,in,,,,2026-09-06,2026-09-06,6-Sep order (after all meals),,
Beverage,Matcha green tea,20,serving,in,,,,2026-08-29,2026-07-16,29-Aug: restored — a brinjal deduction had hit this row by mistake,,
Vegetable,Amaranth leaves,0,g,out,,,,2026-09-06,2026-09-06,6-Sep: this is the LEAF (veg) — amaranth GRAIN is a separate row,,
Vegetable,Coriander,40,g,in,,,1,2026-09-18,2026-09-06,09-18: -20g B coriander pudina chutney,,2026-08-07
Meat & fish,Tilapia,0,g,out,,,1,2026-08-17,2026-08-16,16-Aug Sun order: tilapia 250g,,2026-08-05
Meat,Prawns,0,g,out,,,1,2026-09-12,2026-09-06,09-12: -75g L tender coconut prawns,,2026-08-05
Staple,Milk bread,0,packet,out,,,1,2026-08-08,2026-08-08,Removed 8-Aug — bread not in stock (was 0.5 packet),,
Staple,Buns,0,pc,out,,,1,2026-08-08,2026-08-08,Removed 8-Aug — bread not in stock (was 2 pc),,
Dairy,Akshaya cheese slices,0,packet,out,,,1,2026-08-08,2026-08-08,Not in 8-Aug perishable inventory — zeroed,,
Frozen,Puff pastry,0,g,out,,,,2026-08-08,2026-08-08,"Merged into ""Frozen puff pastry"" 8-Aug",,
Staple,Grated coconut,0,g,out,,,,2026-07-28,2026-07-16,sol kadi coconut,,
Spice,Amchur powder,93,g,in,,,,2026-07-28,2026-07-16,sol kadi,,
Staple,Cornflour,100,g,in,,,,2026-09-06,2026-09-06,6-Sep order (after all meals),,
Pantry,Thai green paste,0,pack,out,,,,2026-07-16,2026-08-15,15-Aug L Thai GREEN curry used the pack (0.5->0) — reorder; also Thai yellow 1 pack in stock,,
Spice,Meat masala,140,g,in,,,,2026-09-06,2026-09-06,6-Sep order (after all meals),,
Spice,Pav bhaji masala,110,g,in,,,,2026-08-12,2026-08-12,(mishit corrected — pav bread is separate row),,
Spice,Dagad phool (stone flower),37,g,ok,,,,2026-07-16,2026-07-16,16-Jul staples mega baseline,,
Pantry,Thai red paste,1,pack,ok,,,,2026-07-16,2026-07-16,16-Jul staples mega baseline,,
Dairy,Mozzarella,0,g,out,,,,2026-08-08,2026-08-08,Not in 8-Aug perishable inventory — zeroed,,
Pantry,Puliogare paste,600,g,ok,,,,2026-07-16,2026-07-16,16-Jul staples mega baseline,,
Pantry,Gochujang,150,g,ok,,,,2026-07-16,2026-07-16,16-Jul staples mega baseline,,
Oil,Kyoto chilli oil,214,g,in,,,,2026-08-10,2026-08-10,D chilli,,
Pantry,Kyoto mala sauce,240,g,ok,,,,2026-07-16,2026-07-16,16-Jul staples mega baseline,,
Pantry,Tanita miso,582,g,in,,,,2026-09-18,2026-07-16,09-18: -15g D miso soup,,
Pantry,White miso dashi,880,g,in,,,,2026-08-05,2026-07-16,D ramen broth — white miso dashi,,
Pantry,Hot & sweet ketchup,10,g,ok,,,,2026-07-16,2026-07-16,16-Jul staples mega baseline,,
Pantry,Kasundi paste,0.8,bottle,ok,,,,2026-07-16,2026-07-16,16-Jul staples mega baseline,,
Spice,Turmeric/haldi powder,395,g,in,,,,2026-09-08,2026-09-06,09-08: -5g D marinade,,
Spice,Green cardamom,50,g,ok,,,,2026-07-16,2026-07-16,16-Jul staples mega baseline,,
Grains,Rolled oats,0,g,out,,,,2026-09-06,2026-07-16,6-Sep grains/dals overwrite (Bhavya): not in the grains/dals list,,
Spice,Kashmiri chilli powder,87,g,in,,,,2026-08-10,2026-08-10,L fish rub — Kashmiri chilli,,
Nuts & seeds,Seed mix,20,g,ok,,,,2026-07-16,2026-07-16,16-Jul staples mega baseline,,
Spice,Khus khus (poppy),70,g,ok,,,,2026-07-16,2026-07-16,16-Jul staples mega baseline,,
Spice,Black jeera (shahi),29,g,in,,,,2026-09-01,2026-08-15,1-Sep: -5g L steamed jeera rice,,
Spice,Dhaniya (coriander) powder,120,g,in,,,,2026-08-07,2026-07-27,D jhol,,
Staple,White sesame seeds,575,g,in,,,,2026-08-06,2026-07-16,B pancake garnish — white sesame,,
Spice,Dahi mirchi (curd chilli),50,g,ok,,,,2026-07-16,2026-07-16,16-Jul staples mega baseline,,
Nuts & seeds,Roasted peanuts,50,g,in,,,,2026-09-16,2026-08-13,09-16: -20g B peanut chutney,,
Spice,Hing (asafoetida),100,g,ok,,,,2026-07-16,2026-07-16,16-Jul staples mega baseline,,
Spice,Yellow mustard,90,g,ok,,,,2026-07-16,2026-07-16,16-Jul staples mega baseline,,
Staple,Black sesame seeds,145,g,in,,,,2026-08-05,2026-07-16,D ramen garnish — black sesame,,
Spice,Kyoto chilli oil furikake,295,g,in,,,,2026-08-05,2026-07-16,D ramen — furikake,,
Spice,Black pepper powder,76,g,in,,,,2026-08-06,2026-07-16,"L Chettinad — black pepper, the signature",,
Spice,Whole black pepper,114,g,in,,,,2026-08-26,2026-08-07,26-Aug: -8g D pepper mutton liver fry,,2026-08-07
Spice,Cloves,30,g,ok,,,,2026-07-16,2026-07-16,16-Jul staples mega baseline,,
Spice,Methi (fenugreek) seeds,50,g,ok,,,,2026-07-16,2026-07-16,16-Jul staples mega baseline,,
Spice,Sambhar masala,140,g,ok,,,,2026-07-16,2026-07-16,16-Jul staples mega baseline,,
Spice,Rasam powder,120,g,in,,,,2026-08-28,2026-07-16,28-Aug: -10g L prawn rasam,,
Spice,Black mustard,80,g,ok,,,,2026-07-16,2026-07-16,16-Jul staples mega baseline,,
Spice,Brown fennel seeds,50,g,ok,,,,2026-07-16,2026-07-16,16-Jul staples mega baseline,,
Pantry,Eno,0.5,bottle,ok,,,,2026-07-16,2026-07-16,16-Jul staples mega baseline,,
Spice,Keya oregano,15,g,ok,,,,2026-07-16,2026-07-16,16-Jul staples mega baseline,,
Spice,Garam masala,72,g,in,,,,2026-08-11,2026-08-11,B 2 + L cutlet 2,,
Spice,Kalonji (nigella),130,g,ok,,,,2026-07-16,2026-07-16,16-Jul staples mega baseline,,
Spice,Star anise,46,g,in,,,,2026-08-06,2026-07-16,L Chettinad masala — star anise,,
Spice,Cinnamon,178,g,in,,,,2026-07-16,2026-07-16,B,,
Spice,Dry red chilli,300,g,ok,,,,2026-07-16,2026-07-16,16-Jul staples mega baseline,,
Grains,White rice,0,g,out,,,,2026-07-26,2026-07-26,6-Sep: rice removed (already 0),,
Spice,Khade masala / whole spice patta,50,g,ok,,,,2026-07-16,2026-07-16,16-Jul staples mega baseline,,
Pantry,Tamarind,135,g,in,,,,2026-09-15,2026-07-16,09-15: -0g D prep (soak tamarind),,
Dals,Kala chana,0,g,out,,,,2026-08-21,2026-07-16,16-Jul staples mega baseline,,
Grains,Amaranth (grain),150,g,in,,,,2026-09-06,2026-09-06,6-Sep grains overwrite,,
Grains,Besan,170,g,in,,,,2026-09-19,2026-09-06,09-19: -80g D missi roti,,
Grains,Organic bajra,0,g,out,,,,2026-08-19,2026-08-19,post-18 Bhavya overwrote — smart-list check result: bajra flour finished,,
Snacks & misc,Makhana,700,g,in,,,,2026-08-12,2026-08-12,11-Aug Tue-night Instamart order: Dehaat phool makhana 200g,,
Grains,Ragi atta,0,g,out,,,,2026-08-19,2026-08-19,post-18 Bhavya overwrote — smart-list check result: ragi flour finished,,
Grains,Organic jowar flour,0,g,out,,,,2026-08-19,2026-08-19,post-18 Bhavya overwrote — smart-list check result: jowar flour finished,,
Grains,Refined wheat flour,0,g,out,,,,2026-07-16,2026-08-17,17-Aug staple count: not in stock,,
Grains,Black/purple rice,0,g,out,,,,2026-09-06,2026-09-06,6-Sep: rice removed from board (Bhavya — all rice except idli),,
Pasta,Spaghetti,0,packet,out,,,,2026-09-06,2026-07-16,6-Sep grains/dals overwrite (Bhavya): not in the grains/dals list,,
Grains,Sushi rice,0,g,out,,,,2026-08-21,2026-08-21,6-Sep: rice removed (already 0),,
Grains,Wheat flour,0,g,out,,,,2026-09-01,2026-09-01,1-Sep Bhavya overwrote — smart-list check result: removed — khapli atta is the only wheat flour kept for this household (was 1000g),,
Spice,Bombay biryani masala,100,g,ok,,,,2026-07-16,2026-07-16,16-Jul staples mega baseline,,
Oil,Black sesame oil (Anveshan),500,ml,in,,,,2026-07-16,2026-07-16,12-Sep: restored — separate brand,,
Oil,Groundnut oil (Anveshan),0,ml,out,,,,2026-07-30,2026-07-30,30-Aug order (placed after all meals): second groundnut oil row cleared,,
Grains,Sushi rice (Urban Platter),0,g,out,,,,2026-09-06,2026-07-16,6-Sep: rice removed (already 0),,
Beverage,Nannari roots,50,g,ok,,,,2026-07-16,2026-07-16,16-Jul staples mega baseline,,
Pasta,Farfalle pasta,0,g,out,,,,2026-09-06,2026-07-16,6-Sep grains/dals overwrite (Bhavya): not in the grains/dals list,,
Pantry,Maggi tomato ketchup,50,g,ok,,,,2026-07-16,2026-07-16,16-Jul staples mega baseline,,
Pantry,Black olive,150,g,ok,,,,2026-07-16,2026-07-16,16-Jul staples mega baseline,,
Spice,Thai bird chilli,150,g,ok,,,,2026-07-16,2026-07-16,16-Jul staples mega baseline,,
Pantry,Khao suey paste,1,packet,ok,,,,2026-07-16,2026-07-16,16-Jul staples mega baseline,,
Beverage,Vintage home tea,100,g,ok,,,,2026-07-16,2026-07-16,16-Jul staples mega baseline,,
Pantry,Sugar,190,g,in,,,,2026-07-31,2026-07-16,L Vietnamese sauce,,
Pantry,Jaggery powder,400,g,ok,,,,2026-07-16,2026-07-16,16-Jul staples mega baseline,,
Oil,Organic ghee (Bilona),235,g,in,,,,2026-08-15,2026-08-15,(Mangalam ghee mishit reversed — separate SKU row created),,
Oil,Coconut oil,499.5,g,in,,,,2026-09-05,2026-07-16,09-05: -0.5g B coconut chutney (watery),,
Beverage,Uji matcha green,100,g,ok,,,,2026-07-16,2026-07-16,16-Jul staples mega baseline,,
Oil,Mustard oil (Gramiya),635,ml,in,,,,2026-08-04,2026-07-26,12-Sep: restored — separate brand,,
Pantry,Apple cider vinegar,500,ml,ok,,,,2026-07-16,2026-07-16,16-Jul staples mega baseline,,
Pasta,Soba noodles,0,g,out,,,,2026-09-18,2026-09-06,09-18: -50g D soba noodles,,
Pantry,Sushi nori,6,sheets,ok,,,,2026-07-16,2026-07-16,16-Jul staples mega baseline,,
Pantry,Kyoto dashi,50,g,ok,,,,2026-07-16,2026-07-16,16-Jul staples mega baseline,,
Snacks & misc,Omani dates,50,g,ok,,,,2026-07-16,2026-07-16,16-Jul staples mega baseline,,
Spice,Truffle seasoning,50,g,ok,,,,2026-07-16,2026-07-16,16-Jul staples mega baseline,,
Nuts & seeds,Whole walnuts,0,pc,out,,,,2026-08-08,2026-07-16,B soup,,
Nuts & seeds,Pumpkin seeds,0,g,out,,,,2026-09-18,2026-07-16,09-18: -100g L ghanta tarkari,,
Spice,Wasabi furikake seasoning,100,g,ok,,,,2026-07-16,2026-07-16,16-Jul staples mega baseline,,
Spice,Dried mace (javitri),50,g,ok,,,,2026-07-16,2026-07-16,16-Jul staples mega baseline,,
Pantry,Kewra essence,0,ml,in,,,,2026-09-06,2026-09-06,6-Sep: kewra ESSENCE restored to 0 — the order was kewra WATER (separate product),,
Spice,Japanese all-purpose meat seasoning,100,g,ok,,,,2026-07-16,2026-07-16,16-Jul staples mega baseline,,
Nuts & seeds,Cashews,150,g,in,,,,2026-09-06,2026-09-06,6-Sep grains/dals overwrite (Bhavya),,
Snacks & misc,Sabudana papad,100,g,in,,,,2026-09-06,2026-09-06,6-Sep grains/dals overwrite (Bhavya),,2026-08-08
Staple,Brown sesame seeds,300,g,ok,,,,2026-07-16,2026-07-16,16-Jul staples mega baseline,,
Grains,Broken brown rice,0,g,out,,,,2026-09-06,2026-07-16,6-Sep: rice removed (already 0),,
Spice,Freshivores Guntur chilli,90,g,ok,,,,2026-07-16,2026-07-16,16-Jul staples mega baseline,,
Pantry,Japanese chilli paste,100,g,ok,,,,2026-07-16,2026-07-16,16-Jul staples mega baseline,,
Spice,Chilli powder,392,g,in,,,,2026-08-03,2026-07-16,L chhenchda,,
Pantry,Dried seaweed,50,g,ok,,,,2026-07-16,2026-07-16,16-Jul staples mega baseline,,
Pantry,Kokum,65,g,in,,,,2026-07-28,2026-08-15,15-Aug: B kokum sharbat -25,,
Pantry,Dried shiitake mushroom,100,g,ok,,,,2026-07-16,2026-07-16,16-Jul staples mega baseline,,
Dals,White peas,0,g,out,,,,2026-09-06,2026-07-16,6-Sep grains/dals overwrite (Bhavya): not in the grains/dals list,,
Nuts & seeds,Walnut kernels,185,g,ok,,,,2026-08-10,2026-08-10,16-Jul staples baseline,,
Frozen,Safal matar (frozen peas),60,g,in,,,,2026-09-08,2026-09-04,09-08: -40g L kurma,,
Nuts & seeds,Black raisins,100,g,ok,,,,2026-07-16,2026-07-16,16-Jul staples baseline,,
Nuts & seeds,Noice seedless black raisins,60,g,ok,,,,2026-07-16,2026-07-16,16-Jul staples baseline,,
Grains,Maida (refined flour),250,g,in,,,,2026-09-06,2026-09-06,6-Sep grains/dals overwrite (Bhavya),,
Pantry,Soya sauce,425,ml,in,,,,2026-08-31,2026-08-14,31-Aug: -20ml D spicy hakka noodles,,
Oil,Mangalam ghee,500,g,in,,,,2026-08-18,2026-08-18,(reverted +400; ghee tracked as separate Dairy row instead),,
Pasta,Wheat noodles,0,g,out,,,,2026-08-31,2026-08-30,31-Aug: -150g D spicy hakka noodles,,
Vegetable,Haricot beans,0,g,out,,,,2026-08-05,2026-08-16,16-Aug: removed per Bhavya (baby corn/beans),,
Vegetable,Chow chow,0,g,out,,,,2026-08-01,2026-08-01,Ended 1-Aug — none in stock (was 120 g),,
Vegetable,Ooty beetroot,0,g,out,,,,2026-08-01,2026-08-01,Ended 1-Aug — none in stock (was 100 g),,
Grains,Red poha,150,g,in,,,,2026-09-06,2026-09-06,6-Sep grains/dals overwrite (Bhavya),,2026-08-08
Meat & fish,Mutton liver (kaleji),0,g,out,,,,2026-09-08,2026-09-06,09-08: -100g L chettinad mutton liver,,
Meat & fish,Catla head (fish),0,g,out,,,,2026-08-09,2026-08-09,Discarded 9-Aug per Bhavya (was 200 g),,
Non-food,Citronella & sandalwood incense sticks,40,pc,ok,,,,2026-07-29,2026-07-29,Ordered 40pc 29-Jul (non-food),,
Staple,Chings vinegar,180,ml,in,,,1,2026-08-14,2026-08-15,(chilli-sauce order mishit reversed — this is vinegar),,
Fruit,Pomegranate,1,pc,in,,,1,2026-09-06,2026-09-06,6-Sep perishable overwrite (Bhavya),,2026-08-03
Meat,Tempeh (Hello Tempayy masala cubes),0,g,out,,,1,2026-08-12,2026-08-12,12-Aug Wed: L hariyali tempeh 100g,,2026-08-05
Staple,Idli rice,100,g,in,,,1,2026-09-09,2026-09-06,09-09: -100g D prep (soak idli rice for batter),,2026-08-07
Fruit,Muskmelon,0,pc,out,,,1,2026-08-10,2026-08-10,Order 8-Aug 9:07 PM (delivered 9:26 PM) — nectr 1 pc,,2026-08-08
Fruit,Kiwi,0,pc,out,yes,,1,2026-08-08,2026-08-16,16-Aug: removed per Bhavya (kiwi),,2026-08-08
Fruit,Ooty strawberry,0,g,out,yes,,1,2026-08-08,2026-08-16,16-Aug: removed per Bhavya (strawberry),,2026-08-08
Vegetable,French ring beans,0,g,out,,,,2026-08-12,2026-08-16,16-Aug: removed per Bhavya (baby corn/beans),,
Vegetable,Bathua (saag),0,g,out,,verify,,2026-08-12,2026-08-15,"15-Aug: Parsuram reports bathua OUT of stock (physically) — bhaji skipped; row zeroed, verify",,
Staple,Yeast,25,g,,,,,2026-08-09,2026-08-09,,,
Staple,Mango Pickle,400,g,in,,,,2026-08-12,2026-08-12,11-Aug Tue-night Instamart order: Mothers Recipe mango pickle 400g,,
Bread & bakery,NOICE Bombay laadi pav,0,g,out,,,,2026-08-12,2026-08-16,16-Aug: removed per Bhavya (NOICE pav),,
Condiment,Chings red chilli sauce,200,g,in,,,,2026-08-15,2026-08-15,14-Aug Amazon Now order: 200g,,
Meat,"Mutton (Bamburies, lamb-labeled)",0,g,out,,,,2026-09-05,2026-08-16,09-05: -500g L mutton curry,,
Staple,Jeera (cumin seeds),40,g,in,,,,2026-09-01,2026-08-15,1-Sep: -5g L steamed jeera rice,,
Staple,Cow ghee (Mangalam),500,ml,in,,,,2026-08-15,2026-08-15,"15-Aug 20:39 Mangalam store order (Kartik self-placed), on wooden rack",,
Dairy,Uthukulli butter (Mangalam),200,g,in,,,,2026-08-15,2026-08-15,"15-Aug 20:39 Mangalam store order (Kartik self-placed) — standing pref: exactly this butter, 200g, next time butter is needed",,
Vegetable,Malabar spinach (poi saag),0,g,out,,,,2026-09-16,2026-09-06,09-16: -10g L beans palak sabji,,
Fruit,Longan,0,g,out,,,,2026-08-16,2026-08-21,21-Aug: fruits removed (Bhavya),,
Fruit,Passion fruit,0,pc,out,,,,2026-08-16,2026-08-21,21-Aug: fruits removed (Bhavya),,
Staple,Black salt,120,g,in,,,,2026-08-16,2026-08-16,16-Aug Sun order (was requested for h4 cart),,
Fruit,Plum,0,g,out,,,,2026-08-16,2026-08-21,21-Aug: fruits removed (Bhavya),,
Fruit,Custard apple,0,pc,out,,,,2026-08-16,2026-08-21,21-Aug: fruits removed (Bhavya),,
Meat,Hilsa fish,0,g,out,,,,2026-08-27,2026-08-27,27-Aug: -300g L bhapa hilsa — used in FULL (Bhavya),,
Grains,Organic Tattva sona masoori,0,g,out,,,,2026-09-05,2026-08-19,09-05: -100g L rice (2 person),,
Dairy,Ghee,400,g,in,,,,2026-08-22,2026-08-22,(corrected — no ghee order 22-Aug; 6:02pm delivery was the Instamart staff cart. Last ghee order 15-Aug Mangalam),,
Grains,Basmati rice,0,g,out,,,,2026-09-06,2026-08-18,6-Sep: rice removed (already 0),,
Dairy,Parmesan cheese,100,g,in,,,,2026-08-18,2026-08-18,"18-Aug order (placed 9:30pm, delivered): garlic was in cart",,
Beverage,"Paul John coffee (French Press, 250g)",250,g,in,,,,2026-08-20,2026-08-20,20-Aug order (delivered): Khapli was OOS,,
Grains,Khapli atta (Two Brothers),0,g,out,,,,2026-09-06,2026-08-21,6-Sep grains/dals overwrite (Bhavya): not in the grains/dals list,,
Snacks & misc,Dark chocolate,100,g,in,,,,2026-08-21,2026-08-21,21-Aug order,,
Vegetable,Drumsticks,0,pc,out,,,,2026-08-27,2026-08-27,27-Aug Bhavya overwrote — smart-list check result: drumsticks ended (was 1pc),,
Vegetable,Bitter gourd,0,g,out,,,,2026-08-29,2026-08-29,29-Aug Bhavya overwrote — smart-list check result (perishable count) — perishables overwritten: bitter gourd removed (was 100g),,
Beverage,Diet coke,0,pc,out,,,,2026-08-22,2026-08-22,(corrected — not ordered),,
Meat,Mutton keema,0,g,out,,,,2026-08-25,2026-08-22,25-Aug: -150g D mutton keema cutlets,,
Spice,Radhuni (JK Masala Green),50,g,in,,,,2026-08-22,2026-08-22,"22-Aug Instamart staff cart (placed 5:45pm, delivered 6:02pm): JK Masala Green Radhuni 50g",,
Vegetable,Raw papaya,0,pc,out,,,,2026-08-31,2026-08-27,31-Aug: -0.25pc L raw banana and papaya curry,,
Vegetable,Sweet potato,0,g,out,,,,2026-09-04,2026-09-04,4-Sep veg+fruit full overwrite (Bhavya): not in the count (was 100g),,
Staple,Urad masala bori (badi),160,g,in,,,,2026-09-05,2026-08-22,09-05: -40g L saag fry with badi,,
Vegetable,Banana flower,0,pc,out,,,1,2026-08-26,2026-08-26,26-Aug: 0.5 pc was on hand and used in full for the laal maas (Bhavya) — my earlier flag was wrong,,
Grains,Foxtail millet,0,g,out,,,1,2026-09-19,2026-09-06,09-19: -50g L foxtail millet,,
Grains,Ragi (whole),270,g,in,,,1,2026-09-18,2026-09-06,09-18: -80g L ragi rice,,
Fruit,Pear,0,pc,out,,,1,2026-09-04,2026-09-04,4-Sep veg+fruit full overwrite (Bhavya): not in the count (was 2pc),,
Vegetable,Fresh coconut,0,pc,out,,,1,2026-09-05,2026-09-05,5-Sep overwrite (Bhavya): not in the count,,
Fruit,Red banana,1,pc,in,,,1,2026-09-06,2026-09-06,6-Sep perishable overwrite (Bhavya),,
Fruit,Muscat grapes,0,g,out,,,1,2026-09-05,2026-09-05,5-Sep overwrite (Bhavya): not in the count,,
Grains,Fryme.*Papad,300,g,in,,,1,2026-09-06,2026-09-06,6-Sep grains/dals overwrite (Bhavya) — NEW,,
Grains,Muesli,280,g,in,,,1,2026-09-14,2026-09-06,09-14: -60g B chocolate muesli fruit bowl,,
Grains,Bajra.*Atta,40,g,in,,,1,2026-09-16,2026-09-06,09-16: -80g L bajra bhakri,,
Grains,Dalia,150,g,in,,,1,2026-09-06,2026-09-06,6-Sep grains/dals overwrite (Bhavya) — NEW,,
Grains,Rice.*Flour,150,g,in,,,1,2026-09-06,2026-09-06,6-Sep grains/dals overwrite (Bhavya) — NEW,,
Grains,Sooji,400,g,in,,,1,2026-09-06,2026-09-06,6-Sep grains/dals overwrite (Bhavya) — NEW,,
Dals,^Chole,200,g,in,,,1,2026-09-06,2026-09-06,6-Sep grains/dals overwrite (Bhavya) — NEW,,
Dals,White.*Matar,150,g,in,,,1,2026-09-06,2026-09-06,6-Sep grains/dals overwrite (Bhavya) — NEW,,
Spice,Bay.*Leaf,50,g,in,,,1,2026-09-06,2026-09-06,6-Sep grains/dals overwrite (Bhavya) — NEW,,
Grains,Atta,240,g,in,,,1,2026-09-15,2026-09-06,09-15: -80g D lachha paratha,,
Vegetable,French beans,0,g,out,,,1,2026-09-09,2026-09-06,09-09: -65g L beans palak sabji,,
Grains,Matta rice,600,g,in,,,1,2026-09-17,2026-09-06,09-17: -100g L matta rice,,
Fruit,Chiku,250,g,in,,,1,2026-09-06,2026-09-06,6-Sep order (after all meals) — NEW row,,
Condiment,Kewra water,250,ml,in,,,1,2026-09-06,2026-09-06,6-Sep order — NEW,,
