Padmaja & Rohan,,,,,,,,,,
Current stock · 2 on record · baseline inventory 24-Aug (Bhavya upload),,,,,,,,,,
Category,Item,Quantity,Unit,Status,Est,Verify,Factor,Last checked,Last entered,Note
Staple,Almond,900,g,in,,,1,2026-08-24,2026-08-24,baseline inventory (24-Aug upload)
Staple,Walnuts,0,g,out,,,1,2026-09-18,2026-09-18,18-Sep post-lunch count
Staple,Raisins,100,g,in,,,1,2026-08-24,2026-08-24,baseline inventory (24-Aug upload)
Spice,Coriander whole,40,g,in,,,1,2026-09-24,2026-09-18,09-24: -20g B coriander chutney
Beverage,Green tea,25,pc,in,,,1,2026-08-24,2026-08-24,baseline inventory (24-Aug upload)
Staple,Popcorn seeds,200,g,in,,,1,2026-08-24,2026-08-24,baseline inventory (24-Aug upload)
Grains,Maida,1000,g,in,,,1,2026-09-04,2026-09-04,4-Sep Bhavya overwrote — smart-list check result
Dals,Chole,500,g,in,,,1,2026-08-24,2026-08-24,baseline inventory (24-Aug upload)
Dals,Chana dal,900,g,in,,,1,2026-08-24,2026-08-24,baseline inventory (24-Aug upload)
Grains,Pasta,40,g,in,,,1,2026-09-22,2026-09-18,09-22: -160g D garlic pasta
Grains,Poha,300,g,in,,,1,2026-08-24,2026-08-24,baseline inventory (24-Aug upload)
Grains,Besan,400,g,in,,,1,2026-08-24,2026-08-24,baseline inventory (24-Aug upload)
Dals,Moong dal split yellow,400,g,in,,,1,2026-09-24,2026-08-24,09-24: -100g B moong dal dosa
Dals,White dry peas,300,g,in,,,1,2026-08-24,2026-08-24,baseline inventory (24-Aug upload)
Dals,Rajma,1000,g,in,,,1,2026-09-05,2026-08-24,09-05: -100g D burrito bowl
Dals,Urad dal,300,g,in,,,1,2026-08-24,2026-08-24,baseline inventory (24-Aug upload)
Grains,Rice flour,0,g,out,,,1,2026-09-14,2026-09-14,14-Sep: rice flour removed
Dals,Split green moong dal,350,g,in,,,1,2026-08-24,2026-08-24,baseline inventory (24-Aug upload)
Dals,Whole masoor dal,350,g,in,,,1,2026-08-24,2026-08-24,baseline inventory (24-Aug upload)
Spice,Turmeric,140,g,in,,,1,2026-08-24,2026-08-24,baseline inventory (24-Aug upload)
Staple,Soya chunks,80,g,in,,,1,2026-08-24,2026-08-24,baseline inventory (24-Aug upload)
Grains,Rava (sooji),1000,g,in,,,1,2026-08-24,2026-08-24,baseline inventory (24-Aug upload)
Staple,Salt,1100,g,in,,,1,2026-08-24,2026-08-24,baseline inventory (24-Aug upload)
Dals,Green moong (whole),500,g,in,,,1,2026-08-25,2026-08-25,25-Aug clarification (Bhavya): whole moong identified as GREEN moong
Dals,Kala chana,350,g,in,,,1,2026-08-25,2026-08-25,"25-Aug clarification (Bhavya): generic ""Chana"" identified as KALA chana"
Spice,Oregano,50,g,in,,,1,2026-08-24,2026-08-24,baseline inventory (24-Aug upload)
Spice,Basil (dried),50,g,in,,,1,2026-08-24,2026-08-24,baseline inventory (24-Aug upload)
Spice,Red chilli powder,200,g,in,,,1,2026-09-17,2026-09-17,17-Sep order
Spice,Cumin,350,g,in,,,1,2026-08-24,2026-08-24,baseline inventory (24-Aug upload)
Spice,Coriander powder,250,g,in,,,1,2026-08-24,2026-08-24,baseline inventory (24-Aug upload)
Staple,Chia seeds,50,g,in,,,1,2026-08-24,2026-08-24,baseline inventory (24-Aug upload)
Spice,Fruit seasoning,20,g,in,,,1,2026-08-24,2026-08-24,baseline inventory (24-Aug upload)
Spice,Methi seeds,250,g,in,,,1,2026-08-24,2026-08-24,baseline inventory (24-Aug upload)
Staple,Baking soda,30,g,in,,,1,2026-08-24,2026-08-24,baseline inventory (24-Aug upload)
Staple,Sugar,180,g,in,,,1,2026-08-24,2026-08-24,baseline inventory (24-Aug upload)
Spice,Red chilli (dried whole),20,g,in,,,1,2026-08-24,2026-08-24,baseline inventory (24-Aug upload)
Staple,Flax seeds,180,g,in,,,1,2026-08-24,2026-08-24,baseline inventory (24-Aug upload)
Beverage,Tea,100,g,in,,,1,2026-08-24,2026-08-24,baseline inventory (24-Aug upload)
Spice,Black pepper,130,g,in,,,1,2026-09-24,2026-08-24,24-Sep order
Grains,Millet muesli,260,g,in,,,1,2026-08-24,2026-08-24,baseline inventory (24-Aug upload)
Condiment,Schezwan chutney,150,g,in,,,1,2026-08-24,2026-08-24,baseline inventory (24-Aug upload)
Staple,Roasted chana,30,g,in,,,1,2026-08-24,2026-08-24,baseline inventory (24-Aug upload)
Spice,Garam masala,50,g,in,,,1,2026-08-24,2026-08-24,baseline inventory (24-Aug upload)
Spice,Black mustard,100,g,in,,,1,2026-08-24,2026-08-24,baseline inventory (24-Aug upload)
Grains,Ragi,80,g,in,,,1,2026-08-24,2026-08-24,baseline inventory (24-Aug upload)
Spice,Clove,50,g,in,,,1,2026-08-24,2026-08-24,baseline inventory (24-Aug upload)
Vegetable,Potato,3,pc,in,,,1,2026-09-22,2026-09-18,09-22: -3pc D french fry
Vegetable,Garlic,80,g,in,,,1,2026-09-22,2026-09-18,09-22: -20g D garlic pasta
Vegetable,Onion,920,g,in,,,1,2026-09-24,2026-09-17,09-24: -80g D egg curry (re-deduct from count)
Spice,Fennel seeds powder,30,g,in,,,1,2026-08-24,2026-08-24,baseline inventory (24-Aug upload)
Dairy,Cow ghee,250,ml,in,,,1,2026-09-23,2026-09-18,23-Sep perishable overwrite
Condiment,Mango pickle,200,g,in,,,1,2026-08-24,2026-08-24,baseline inventory (24-Aug upload)
Grains,Aashirvaad atta,1000,g,in,,,1,2026-08-24,2026-08-24,baseline inventory (24-Aug upload)
Grains,Macaroni,580,g,in,,,1,2026-08-24,2026-08-24,baseline inventory (24-Aug upload)
Spice,Bay leaf,50,g,in,,,1,2026-09-18,2026-09-18,22-Sep count (post-lunch)
Grains,Sfoglia ruvida (pasta),350,g,in,,,1,2026-08-24,2026-08-24,baseline inventory (24-Aug upload)
Dals,Toor dal,1000,g,in,,,1,2026-08-24,2026-08-24,baseline inventory (24-Aug upload)
Grains,Sona masoori rice,4050,g,in,,,1,2026-09-17,2026-09-03,09-17: -150g D burnt garlic fried rice
Frozen,Safal peas,0,g,out,,,1,2026-09-02,2026-09-02,2-Sep Bhavya overwrote — smart-list check result (full perishable count): not in the count (was 300g)
Meat,Chicken,0,g,out,,,1,2026-09-23,2026-09-21,23-Sep perishable overwrite
Spice,Sambar powder,150,g,in,,,1,2026-08-24,2026-08-24,baseline inventory (24-Aug upload)
Spice,Chaat masala,30,g,in,,,1,2026-08-24,2026-08-24,baseline inventory (24-Aug upload)
Spice,Rajma masala,80,g,in,,,1,2026-08-24,2026-08-24,baseline inventory (24-Aug upload)
Dairy,Curd,0,g,out,,,1,2026-09-23,2026-09-21,23-Sep: not in perishable overwrite
Staple,Makhana,130,g,in,,,1,2026-08-24,2026-08-24,baseline inventory (24-Aug upload)
Condiment,Mayonnaise,0,g,out,,,1,2026-09-18,2026-09-18,19-Sep post-meal count (operator)
Dairy,Cheese cubes,0,g,out,,,1,2026-09-14,2026-09-12,09-14: -30g B omelette
Dairy,Cheese spread,0,g,out,,,1,2026-09-09,2026-09-09,9-Sep: cheese spread removed
Bread & bakery,Lebanese pita,0,g,out,,,1,2026-09-03,2026-09-03,03-Sep: -150g B pita bread with eggs and spinach
Condiment,Vinegar,400,ml,in,,,1,2026-08-24,2026-08-24,baseline inventory (24-Aug upload)
Dairy,Cheesy melt,0,g,out,,,1,2026-09-02,2026-09-02,2-Sep Bhavya overwrote — smart-list check result (full perishable count): not in the count (was 100g)
Condiment,Tomato ketchup,500,ml,in,,,1,2026-08-24,2026-08-24,baseline inventory (24-Aug upload)
Condiment,Chocolate syrup,100,ml,in,,,1,2026-08-24,2026-08-24,baseline inventory (24-Aug upload)
Vegetable,Radish,0,g,out,,,1,2026-09-01,2026-09-01,1-Sep order: previous veggies removed on instruction (was 160g)
Vegetable,Capsicum,0,pc,out,,,1,2026-09-23,2026-09-21,09-23: -3pc D kadai paneer
Condiment,Honey mustard sauce,200,g,in,,,1,2026-08-24,2026-08-24,baseline inventory (24-Aug upload)
Staple,Cashew split,40,g,in,,,1,2026-09-18,2026-09-18,22-Sep count (post-lunch)
Condiment,Olive oil,10,ml,in,,,1,2026-09-24,2026-09-18,24-Sep update
Vegetable,Spinach,0,g,out,,,1,2026-09-18,2026-09-18,19-Sep post-lunch count
Vegetable,Amaranthus,0,g,out,,,1,2026-09-02,2026-09-02,2-Sep Bhavya overwrote — smart-list check result (full perishable count): not in the count (was 250g)
Vegetable,Button mushroom,50,g,in,,,1,2026-09-23,2026-09-09,23-Sep perishable overwrite
Grains,Quinoa,230,g,in,,,1,2026-09-21,2026-09-01,09-21: -120g D quinoa pulao
Staple,Honey,250,g,in,,,1,2026-09-01,2026-09-01,1-Sep order — NEW row
Meat,Eggs,6,pc,in,,,1,2026-09-24,2026-09-18,09-24: -4pc D egg curry (re-deduct from count)
Grains,Oats,240,g,in,,,1,2026-09-23,2026-09-01,09-23: -60g B masala oats
Meat,Basa fillets,0,g,out,,,1,2026-09-09,2026-09-09,9-Sep: removed on instruction (was 600g)
Vegetable,Carrot,0,pc,out,,,1,2026-09-24,2026-09-18,09-24: -0.5pc D carrot poriyal
Vegetable,Beans,0,g,out,,,1,2026-09-23,2026-09-18,09-23: -80g D carrot bean sabzi (re-deduct from count)
Vegetable,Broccoli,1,pc,in,,,1,2026-09-24,2026-09-18,24-Sep order
Fruit,Blueberry,0,g,out,,,1,2026-09-07,2026-09-07,7-Sep: removed on instruction (was 45g)
Vegetable,Curry leaves,50,g,in,,,1,2026-09-23,2026-09-18,23-Sep perishable overwrite
Vegetable,Zucchini,0,g,out,,,1,2026-09-12,2026-09-09,12-Sep perishable overwrite — not in count
Vegetable,Green chilli,100,g,in,,,1,2026-09-23,2026-09-18,23-Sep: restored (operator)
Dairy,Butter,0,g,out,,,1,2026-09-23,2026-09-21,23-Sep: not in perishable overwrite
Condiment,Bread,0,g,out,,,1,2026-09-18,2026-09-18,22-Sep count (post-lunch)
Fruit,Dragon fruit,1,pc,in,,,1,2026-09-24,2026-09-18,24-Sep order
Fruit,Apple,0,pc,out,,,1,2026-09-23,2026-09-18,23-Sep: not in perishable overwrite
Fruit,Banana,0,pc,out,,,1,2026-09-23,2026-09-18,23-Sep: not in perishable overwrite
Fruit,Orange,0,pc,out,,,1,2026-09-12,2026-09-09,12-Sep perishable overwrite — not in count
Fruit,Strawberry,0,g,out,,,1,2026-09-18,2026-09-18,19-Sep post-meal count (operator)
Dairy,Coconut milk,0,ml,out,,,1,2026-09-18,2026-09-18,19-Sep post-meal count (operator)
Vegetable,Coconut chunks,100,g,in,,,1,2026-09-24,2026-09-12,24-Sep order
Vegetable,Ooty beetroot,0,g,out,,,1,2026-09-07,2026-09-07,7-Sep: beetroot removed (Ooty beetroot)
Vegetable,Cabbage,0,g,out,,,1,2026-09-18,2026-09-18,19-Sep post-lunch count
Vegetable,Coriander,50,g,in,,,1,2026-09-24,2026-09-21,24-Sep update
Vegetable,Lemon,4,pc,in,,,1,2026-09-18,2026-09-17,09-18: -1pc D dressing
Meat,Malai paneer,0,g,out,,,1,2026-09-23,2026-09-21,09-23: -200g D kadai paneer (re-deduct from count)
Vegetable,Tomato,0,pc,out,,,1,2026-09-24,2026-09-18,09-24: -5pc D egg curry
Vegetable,Lettuce,0,g,out,,,1,2026-09-23,2026-09-21,23-Sep: not in perishable overwrite
Vegetable,Sweet corn,0,g,out,,,1,2026-09-09,2026-09-09,9-Sep: sweet corn removed
Fruit,Avocado,0,g,out,,,1,2026-09-18,2026-09-18,19-Sep post-meal count (operator)
Vegetable,Mint,50,g,in,,,1,2026-09-24,2026-09-18,24-Sep update
Vegetable,Spring onion,150,g,in,,,1,2026-09-23,2026-09-12,23-Sep perishable overwrite
Grains,Brown rice,1550,g,in,,,1,2026-09-05,2026-09-03,09-05: -150g D burrito bowl (use brown rice)
Bread & bakery,Tortilla wrap,330,g,in,,,1,2026-09-24,2026-09-03,24-Sep update
Condiment,Chipotle dressing,260,g,in,,,1,2026-09-05,2026-09-03,09-05: -40g D burrito bowl
Dairy,Amul Taaza milk,500,ml,in,,,1,2026-09-24,2026-09-22,24-Sep order
Vegetable,Ginger,200,g,in,,,1,2026-09-16,2026-09-09,16-Sep: kept back — high qty remaining (not fully used)
Herb,Parsley,20,g,in,,,1,2026-09-21,2026-09-18,09-21: -10g D kachumber
Vegetable,Baby corn,0,g,out,,,1,2026-09-16,2026-09-12,16-Sep: removed — not in perishable count
Vegetable,Lemongrass,0,g,out,,,1,2026-09-23,2026-09-18,23-Sep: not in perishable overwrite
Vegetable,Dill leaves,0,g,out,,,1,2026-09-13,2026-09-12,13-Sep: removed on instruction
Condiment,Tamarind paste,100,g,in,,,1,2026-09-07,2026-09-07,7-Sep order — NEW row
Dairy,Almond drink,100,ml,in,,,1,2026-09-24,2026-09-18,09-24: -150ml B shakes
Meat,Tofu,200,g,in,,,1,2026-09-24,2026-09-09,24-Sep update
Condiment,Red chilli sauce,200,g,in,,,1,2026-09-07,2026-09-07,7-Sep order — NEW row
Condiment,Soy sauce,190,g,in,,,1,2026-09-08,2026-09-07,09-08: -20g D pad thai
Condiment,Red curry paste,25,g,in,,,1,2026-09-08,2026-09-07,09-08: -25g D tom yum
Condiment,Brown sugar,500,g,in,,,1,2026-09-07,2026-09-07,7-Sep order — NEW row
Grains,Pad thai noodles,300,g,in,,,1,2026-09-18,2026-09-18,21-Sep post-lunch count
Staple,Peanuts,170,g,in,,,1,2026-09-08,2026-09-07,09-08: -30g D pad thai
Dairy,Fresh cream,250,ml,in,,,1,2026-09-21,2026-09-21,21-Sep order
Meat,Prawns,0,g,out,,,1,2026-09-23,2026-09-18,23-Sep perishable overwrite
Condiment,Mushroom sauce,430,ml,in,,,1,2026-09-07,2026-09-07,7-Sep order — NEW row
Vegetable,Cucumber,0,pc,out,,,1,2026-09-21,2026-09-18,09-21: -1pc D kachumber
Grains,Protein powder,190,g,in,,,1,2026-09-24,2026-09-08,09-24: -60g B 2 protein shakes
Grains,Atta,0,g,out,,,1,2026-09-23,2026-09-16,09-23: -60g D roti (re-deduct from count)
Fruit,Kiwi,0,pc,out,,,1,2026-09-22,2026-09-18,09-22: -2pc B protein shakes
Fruit,Fresh coconut,0,pc,out,,,1,2026-09-16,2026-09-12,16-Sep: removed — not in perishable count
Fruit,Mosambi,0,g,out,,,1,2026-09-18,2026-09-18,19-Sep post-meal count (operator)
Herb,Fresh herbs,0,g,out,,,1,2026-09-16,2026-09-12,16-Sep: removed — not in perishable count
Dairy,Cheese slice,0,g,out,,,1,2026-09-16,2026-09-13,16-Sep: removed — not in perishable count
Staple,Whey protein,100,g,in,,,1,2026-09-16,2026-09-16,16-Sep perishable overwrite (operator)
Staple,Raw whey protein isolate,100,g,in,,,1,2026-09-16,2026-09-16,16-Sep perishable overwrite (operator)
Vegetable,Yellow capsicum,1,pc,in,,,1,2026-09-23,2026-09-16,23-Sep perishable overwrite
Spice,Cinnamon,20,g,in,,,1,2026-09-18,2026-09-18,22-Sep count (post-lunch)
Condiment,Milk bread,0,g,out,,,1,2026-09-18,2026-09-18,22-Sep count (post-lunch)
Vegetable,Ooty carrot (g),500,g,in,,,1,2026-09-24,2026-09-18,24-Sep order
Bread & bakery,Sourdough bread,0,g,out,,,1,2026-09-22,2026-09-18,22-Sep: removed (keep only 1 slice bread)
Meat,Mutton,0,g,out,,,1,2026-09-23,2026-09-18,23-Sep perishable overwrite
Meat,Fish,0,g,out,,,1,2026-09-23,2026-09-18,23-Sep perishable overwrite
Spice,Kasuri methi,25,g,in,,,1,2026-09-21,2026-09-21,21-Sep order
Bread & bakery,Milk bread,0,g,out,,,1,2026-09-23,2026-09-22,23-Sep: not in perishable overwrite
Spice,Star anise,15,g,in,,,1,2026-09-18,2026-09-18,22-Sep count (post-lunch)
Spice,Black pepper whole,10,g,in,,,1,2026-09-23,2026-09-18,23-Sep perishable overwrite
Spice,Cloves,20,g,in,,,1,2026-09-18,2026-09-18,22-Sep count (post-lunch)
Spice,Cardamom,20,g,in,,,1,2026-09-18,2026-09-18,22-Sep count (post-lunch)
Vegetable,Iceberg lettuce,0.6,pc,in,,,1,2026-09-23,,23-Sep perishable overwrite
Vegetable,Green capsicum,1,pc,in,,,1,2026-09-23,,23-Sep perishable overwrite
Vegetable,Red capsicum,1,pc,in,,,1,2026-09-23,,23-Sep perishable overwrite
Dairy,Low fat curd,500,g,in,,,1,2026-09-23,,23-Sep perishable overwrite
Dairy,Butter unsalted,500,g,in,,,1,2026-09-23,,23-Sep perishable overwrite
Fruit,Fruits,0,g,out,,,1,2026-09-23,,23-Sep perishable overwrite
Vegetable,French ring beans,250,g,in,,,1,2026-09-24,,24-Sep order
Vegetable,Green zucchini,2,pc,in,,,1,2026-09-24,,24-Sep order
Grains,Zero maida bread,250,g,in,,,1,2026-09-24,,24-Sep order
Spice,Chilli powder,100,g,in,,,1,2026-09-24,,24-Sep order
Meat,Chicken breast,450,g,in,,,1,2026-09-24,,24-Sep update
