Paxal & Sana,,,,,,,,,,,,
Current stock · 2 on record,,,,,,,,,,,,
Category,Item,Quantity,Unit,Status,Est,Verify,Factor,Last checked,Last entered,Note,Expiry,Bought
FnV,Bottle gourd,0,g,out,,,1,2026-09-02,2026-06-25,2-Sep: CONFIRMED present (Bhavya) — verify flag cleared,,
Vegetable,Cabbage,0,g,out,yes,,1,2026-08-11,2026-08-11,Not in 11-Aug physical count — zeroed (count-driven),,
Vegetable,Carrot,0,g,out,,,1,2026-09-03,2026-09-03,3-Sep: -150g L veg paneer handi + cut carrots,,
Vegetable,Coriander (dhania),10,g,in,yes,,100,2026-09-05,2026-09-02,09-05: -20g D bhel chutney,,
Vegetable,Cucumber,46,g,in,,,1,2026-09-15,2026-09-03,09-15: -1g L cut cucumber,,
FnV,Curry leaves,10,g,in,,,50,2026-09-02,2026-09-02,2-Sep Bhavya overwrote — smart-list check result (full perishable count),,
Vegetable,Garlic,230,g,in,,,1,2026-09-05,2026-09-02,09-05: -20g B chutney,,
FnV,Ginger,160,g,in,,,1,2026-09-03,2026-09-02,3-Sep: +30.0 restored — this item had been DOUBLE-DEDUCTED (my deduction script ran twice),,
FnV,Green beans,0,g,out,,,1,2026-08-20,2026-08-19,19-Aug Bhavya overwrote — smart-list check result: green beans 100g,,
FnV,Green capsicum,1,pc,in,,,1,2026-09-03,2026-09-03,3-Sep: +1.0 restored — this item had been DOUBLE-DEDUCTED (my deduction script ran twice),,2026-08-05
Vegetable,Lemon,7,pc,in,,,1,2026-09-02,2026-09-02,2-Sep Bhavya overwrote — smart-list check result (full perishable count),,2026-08-05
Vegetable,Onion,0,pc,out,,,1,2026-09-03,2026-09-02,03-Sep: -1pc L veg paneer handi,,
Meat,Paneer,0,g,out,,,1,2026-09-19,2026-09-07,09-19: -150g D sauteed paneer,,
FnV,Papaya,0.5,pc,in,,,1,2026-09-02,2026-09-02,2-Sep Bhavya overwrote — smart-list check result (full perishable count),,
FnV,Red capsicum,0,g,out,,,1,2026-09-02,2026-07-11,2-Sep: CONFIRMED present (Bhavya) — verify flag cleared,,
FnV,Spinach/Palak,0,g,out,,,1,2026-07-15,2026-07-12,cleared 27-Jul (not in after-lunch count),,
Vegetable,Tomato,150,g,in,yes,,1,2026-09-05,2026-09-03,09-05: -100g B tomato garlic chutney,,2026-08-05
FnV,Yellow capsicum,0,g,out,,,1,2026-09-02,2026-07-11,2-Sep: CONFIRMED present (Bhavya) — verify flag cleared,,
Dairy,Dahi (curd) pack,0,pc,out,,,,2026-08-27,2026-08-27,27-Aug Bhavya overwrote — smart-list check result: RETIRED — all curd cleared from this board on instruction,,
FnV,Ash gourd,0,g,out,,,1,2026-07-15,2026-06-12,cleared 27-Jul (not in after-lunch count),,
FnV,Baby corn,0,g,out,,,1,2026-07-15,2026-06-12,cleared 27-Jul (not in after-lunch count),,
FnV,Banana,0,pc,out,,,1,2026-09-02,2026-09-02,2-Sep Bhavya overwrote — smart-list check result (full perishable count): not in the count (was 4pc),,
FnV,Beetroot,0,pc,out,,,1,2026-08-25,2026-08-17,25-Aug: -1pc L cut carrot beetroot,,
FnV,Broccoli,0,g,out,,,1,2026-07-15,2026-06-12,cleared 27-Jul (not in after-lunch count),,
FnV,Button mushroom,0,g,out,,,1,2026-07-15,2026-06-12,cleared 27-Jul (not in after-lunch count),,
FnV,Cauliflower,0,pc,out,,,1,2026-08-11,2026-08-11,Not in 11-Aug physical count — zeroed (count-driven),,
FnV,Dill,0,g,out,,,1,2026-07-15,2026-06-12,cleared 27-Jul (not in after-lunch count),,
FnV,Dried cranberry,0,g,out,,,1,2026-07-15,2026-06-12,cleared 27-Jul (not in after-lunch count),,
FnV,Drumstick (pods),0,g,out,,,1,2026-07-15,2026-06-12,cleared 27-Jul (not in after-lunch count),,
Vegetable,Dry coconut,0,pc,out,,,1,2026-09-02,2026-09-02,2-Sep Bhavya overwrote — smart-list check result (full perishable count): not in the count (was 1pc),,
Vegetable,Green chilli,100,g,in,,,1,2026-09-08,2026-09-02,09-08: -10g D chila,,
FnV,Lady's finger,0,g,out,,,1,2026-07-15,2026-06-12,cleared 27-Jul (not in after-lunch count),,
FnV,Lettuce,0,g,out,,,1,2026-07-15,2026-06-12,cleared 27-Jul (not in after-lunch count),,
Spice,Methi (fenugreek),0,g,out,yes,,250,2026-07-15,2026-07-12,cleared 27-Jul (not in after-lunch count),,
FnV,Mint,0,g,out,,,100,2026-09-02,2026-09-02,2-Sep Bhavya overwrote — smart-list check result (full perishable count): not in the count (was 100g),,
FnV,Parwal,0,g,out,,,1,2026-07-15,2026-06-12,cleared 27-Jul (not in after-lunch count),,
Vegetable,Potato,0,pc,out,,,1,2026-09-07,2026-09-02,09-07: -3pc B aloo parantha,,
FnV,Pumpkin,0,pc,out,,,1,2026-09-05,2026-09-02,09-05: -0.75pc L pumpkin subzi,,
FnV,Red cabbage,0,g,out,,,1,2026-07-15,2026-06-12,cleared 27-Jul (not in after-lunch count),,
FnV,Romanesco,0,g,out,,,1,2026-07-15,2026-06-12,cleared 27-Jul (not in after-lunch count),,
FnV,Spring onion,0,g,out,yes,,1,2026-07-27,2026-07-24,cleared 27-Jul (not in after-lunch count),,
FnV,Sweet corn,0,g,out,,,1,2026-07-18,2026-07-21,cleared 27-Jul (not in after-lunch count),,
FnV,Tender coconut (chopped),0,g,out,,,1,2026-07-15,2026-06-12,cleared 27-Jul (not in after-lunch count),,
FnV,Watermelon (cut),0,g,out,,,1,2026-07-15,2026-06-12,cleared 27-Jul (not in after-lunch count),,
FnV,Zucchini,1,pc,in,,,1,2026-09-02,2026-09-02,2-Sep Bhavya overwrote — smart-list check result (full perishable count),,
Fruit,Apple,0,pc,out,,,,2026-09-02,2026-09-02,2-Sep Bhavya overwrote — smart-list check result (full perishable count): not in the count (was 1pc),,2026-08-07
Fruit,Pomegranate,0,pc,out,,,,2026-09-02,,2-Sep: CONFIRMED present (Bhavya) — verify flag cleared,,
FnV,Arbi (taro/colocasia),0,g,out,,,,2026-07-15,2026-07-12,cleared 27-Jul (not in after-lunch count),,
Vegetable,Baby potatoes,0,g,out,,,,2026-07-15,,cleared 27-Jul (not in after-lunch count),,
Vegetable,Sweet potato,250,g,in,,,,2026-09-05,2026-09-03,09-05: -250g D boiled sweet potato,,
Total items,,=COUNTA(B5:B56),,,,,,,,,,
In stock,,"=COUNTIF(E5:E56,""in"")",,,,,,,,,,
Out / reorder,,"=COUNTIF(E5:E56,""out"")",,,,,,,,,,
Dairy,Yogurt,0,pc,out,,,1,2026-08-27,2026-08-27,27-Aug Bhavya overwrote — smart-list check result: RETIRED — all curd cleared from this board on instruction,,
Pasta,Whole wheat noodles,0,g,out,,,1,2026-07-12,2026-07-06,cleared — staple mega inv overwrite 27-Jul,,
Dairy,Fresh cream,170,g,in,,,1,2026-09-03,2026-09-02,03-Sep: -80g L veg paneer handi,,
Grains,Whole millet,0,g,out,,,1,2026-07-12,2026-07-06,cleared — staple mega inv overwrite 27-Jul,,
Grains,Oats,0,g,out,,,1,2026-07-12,2026-07-10,cleared — staple mega inv overwrite 27-Jul,,
Dairy,Curd,0,g,out,,,1,2026-08-27,2026-08-27,27-Aug Bhavya overwrote — smart-list check result: RETIRED — all curd cleared from this board on instruction (was 350g),2026-08-18,2026-08-07
FnV,Sprouts (green moong),0,g,out,,,,2026-09-02,2026-09-02,2-Sep Bhavya overwrote — smart-list check result (full perishable count): not in the count (was 50g),,
Pantry,Dates,0,g,out,,,,2026-07-12,,cleared 27-Jul (not in after-lunch count),,
Dairy,Unsalted butter,0,g,out,,,,2026-07-15,,cleared 27-Jul (not in after-lunch count),,
Dairy,Mozzarella cheese,0,g,out,,,,2026-07-15,2026-07-10,cleared 27-Jul (not in after-lunch count),,
Dairy,Cheese cubes,0,g,out,,,,2026-07-15,,cleared 27-Jul (not in after-lunch count),,
Meat,Tofu,0,g,out,,,1,2026-08-11,2026-08-11,Removed 11-Aug (not in physical count),,
Fruit,Muskmelon,0,g,out,,,,2026-08-11,2026-08-11,Not in 11-Aug physical count — zeroed (count-driven),,
Pantry,Pooja coconut (whole),0,pc,out,,,,2026-07-14,2026-07-25,cleared — staple mega inv overwrite 27-Jul,,
Beverage,Yuzu kombucha,0,ml,out,,,,2026-07-14,,cleared — staple mega inv overwrite 27-Jul,,
Staple,Garam masala,70,g,in,,,,2026-08-11,2026-08-11,L usal — garam masala in place of goda masala,,
Pantry,White label sugar,0,g,out,,,,2026-07-15,,cleared — staple mega inv overwrite 27-Jul,,
Pantry,Ghee pouch,0,ml,out,,,,2026-07-27,2026-07-25,cleared — staple mega inv overwrite 27-Jul,,
Pantry,Tata salt,0,g,out,,,,2026-07-15,,cleared — staple mega inv overwrite 27-Jul,,
FnV,European cucumber,0,g,out,,,,2026-07-18,2026-07-18,cleared 27-Jul (not in after-lunch count),,
Dairy,Skimmed milk,0,ml,out,,,,2026-08-27,2026-08-27,27-Aug Bhavya overwrote — smart-list check result: skimmed milk removed on instruction (Nandini slim skimmed milk kept) (was 350ml),,
FnV,Moong sprouts,0,g,out,,,,2026-07-17,,sprouts removed — removed on Bhavya instruction 24-Aug,,
Dairy,Skyr,0,g,out,,,,2026-08-11,2026-08-18,18-Aug: removed from board per Bhavya (skyr),2026-08-15,
Bread & bakery,Bread,0,g,out,,,1,2026-09-02,2026-09-02,2-Sep Bhavya overwrote — smart-list check result (full perishable count): not in the count (was 110g),,
FnV,Idli dosa batter,0,g,out,,,,2026-07-18,,cleared 27-Jul (not in after-lunch count),,
Beverage,Mango kombucha,0,pc,out,,,1,,2026-07-20,cleared — staple mega inv overwrite 27-Jul,,
Dairy,Cheddar cheese block,100,g,in,,,1,2026-09-02,2026-09-02,2-Sep Bhavya overwrote — smart-list check result: restored — dairy not part of this produce count,,
Snack,Peri peri ragi chips,0,pack,out,,,1,,2026-07-20,cleared — staple mega inv overwrite 27-Jul,,
FnV,Green moong sprouts,0,g,out,,,1,2026-07-28,2026-07-28,sprouts removed — removed on Bhavya instruction 24-Aug,,
Vegetable,Mixed sprouts,0,g,out,,,,2026-08-11,2026-08-17,sprouts removed — removed on Bhavya instruction 24-Aug,,
Dairy,Amul butter,0,g,out,,,,2026-08-11,2026-08-11,Not in 11-Aug physical count — zeroed (count-driven),,
Dairy,Amul Lite butter,0,g,out,,,,2026-08-11,2026-08-11,Not in 11-Aug physical count — zeroed (count-driven),,
Dairy,Goodlife slim milk,0,ml,out,,,,2026-08-11,2026-08-11,pre-existing milk removed 11-Aug (per order instruction),,
Dairy,Amul high protein dahi,0,g,out,,,,2026-08-27,2026-08-27,27-Aug Bhavya overwrote — smart-list check result: RETIRED — all curd cleared from this board on instruction,,
Dairy,Cream,0,g,out,,,,2026-08-11,2026-08-11,Not in 11-Aug physical count — zeroed (count-driven),,
Vegetable,English cucumber,0,pc,out,,,,2026-08-13,2026-08-15,08-15: L cut cucumber -100,,
Staple,Chings green chilli sauce,30,g,ok,,,,2026-07-27,2026-07-27,Staple mega inventory 27-Jul,,
Staple,Wok Tok red chilli sauce,30,g,ok,,,,2026-07-27,2026-07-27,Staple mega inventory 27-Jul,,
Staple,Chilli oil,20,g,in,,,,2026-07-27,2026-08-14,14-Aug: day,,
Staple,Soy sauce (Chings),85,ml,in,,,,2026-07-27,2026-07-27,D,,
Staple,Vinegar,40,ml,ok,,,,2026-07-27,2026-07-27,Staple mega inventory 27-Jul,,
Staple,Kewra water,100,ml,ok,,,,2026-07-27,2026-07-27,Staple mega inventory 27-Jul,,
Staple,Hershey's syrup,2,bottle,ok,,,,2026-07-27,2026-07-27,Staple mega inventory 27-Jul,,
Staple,Veeba sriracha sauce,260,g,in,,,,2026-08-31,2026-07-27,31-Aug: -40g D sriracha paneer millet bowl,,
Staple,Hing,49,g,ok,,,,2026-08-11,2026-08-11,Staple mega inventory 27-Jul,,
Staple,Gond,150,g,ok,,,,2026-07-27,2026-07-27,Staple mega inventory 27-Jul,,
Staple,Cinnamon powder,100,g,ok,,,,2026-07-27,2026-07-27,Staple mega inventory 27-Jul,,
Staple,Black salt,144,g,in,,,,2026-08-03,2026-07-27,B chutney — black salt,,
Staple,Mix dry masala,30,g,ok,,,,2026-07-27,2026-07-27,Staple mega inventory 27-Jul,,
Staple,Anardana powder,50,g,ok,,,,2026-07-27,2026-07-27,Staple mega inventory 27-Jul,,
Staple,BBQ makhana seasoning,330,g,ok,,,,2026-07-27,2026-07-27,Staple mega inventory 27-Jul,,
Staple,Ginger garlic paste (Catch),70,g,in,,,,2026-08-17,2026-08-11,2-Aug Bhavya overwrote — smart-list check result (perishable count) (end of day) — ginger garlic paste — as per model | 11-Aug meal -15g,,
Staple,Chocolate,220,g,ok,,,,2026-07-27,2026-07-27,Staple mega inventory 27-Jul,,
Staple,Imli (tamarind),0,g,out,,,,2026-09-17,2026-07-27,09-17: -5g B imli chutney,,
Staple,Almonds,230,g,in,,,,2026-08-26,2026-07-27,26-Aug: -20g B overnight oats nuts,,
Staple,Del Monte spaghetti,300,g,out,,,,2026-08-20,2026-07-27,20-Aug: unit fixed to g; D capellini used ~200g of ~500 -> 300g,,
Staple,Omani dates,200,g,ok,,,,2026-07-27,2026-07-27,Staple mega inventory 27-Jul,,
Staple,Barley,400,g,ok,,,,2026-07-27,2026-07-27,Staple mega inventory 27-Jul,,
Staple,Brazil nuts,70,g,ok,,,,2026-07-27,2026-07-27,Staple mega inventory 27-Jul,,
Staple,Sunflower seeds,116,g,ok,,,,2026-07-27,2026-07-27,Staple mega inventory 27-Jul,,
Staple,Pumpkin seeds,200,g,ok,,,,2026-07-27,2026-07-27,Staple mega inventory 27-Jul,,
Staple,Hakka noodles,50,g,in,,,,2026-07-27,2026-07-27,D burnt chilli garlic (shirataki 0 -> hakka sub),,
Staple,Gur (jaggery),705,g,in,,,,2026-09-08,2026-07-27,09-08: -15g D imli chutney,,
Staple,Tea powder,218,g,ok,,,,2026-07-27,2026-07-27,Staple mega inventory 27-Jul,,
Staple,Chia seeds,90,g,in,,,,2026-08-25,2026-07-27,25-Aug: -10g D prep (soak oats),,
Staple,Ghee,670,g,in,,,,2026-08-27,2026-07-27,27-Aug: -15g L masoor dal tadka,,
Staple,Quaker oats,700,g,in,,,,2026-08-26,2026-08-14,26-Aug: -10g B soaked overnight oats,,
Staple,Chocolate oats,1200,g,ok,,,,2026-07-27,2026-07-27,Staple mega inventory 27-Jul,,
Staple,Sugar,1120,g,in,,,,2026-09-12,2026-07-27,12-Sep: merged duplicate rows into one (1120g),,
Staple,Salt,1419,g,in,,,,2026-09-12,2026-08-11,12-Sep: merged duplicate rows into one (1419g),,
Staple,Roasted vermicelli,60,g,in,,,,2026-08-08,2026-07-28,B vermicelli upma — the moong-dal idli swap from last night,,
Staple,Short vermicelli,180,g,ok,,,,2026-07-27,2026-07-27,Staple mega inventory 27-Jul,,
Staple,Sooji,500,g,in,,,,2026-08-22,2026-08-13,"22-Aug: -100g B rava dosa + tomato-onion chutney (cook OFF, self-made) (B dosa 2pax)",,
Staple,Puffed rice,70,g,in,,,,2026-09-05,2026-07-27,09-05: -100g D bhel,,
Staple,Refined wheat flour (maida),40,g,in,,,,2026-09-08,2026-08-14,8-Sep: restored 40g — atta deduction had wrongly hit maida,,
Staple,Oregano seasoning,50,g,ok,,,,2026-07-27,2026-07-27,Staple mega inventory 27-Jul,,
Staple,Sweet care sugar,500,g,ok,,,,2026-07-27,2026-07-27,Staple mega inventory 27-Jul,,
Staple,Pink salt,670,g,ok,,,,2026-07-27,2026-07-27,Staple mega inventory 27-Jul,,
Staple,Sambhar powder,200,g,ok,,,,2026-07-27,2026-07-27,Staple mega inventory 27-Jul,,
Staple,Chana dal,0,g,out,,,,2026-08-24,2026-08-21,24-Aug: -100g L rajasthani chana dal tadka (50g dry/person x2),,
Staple,Masoor dal,176,g,in,,,,2026-08-27,2026-07-27,27-Aug: -100g L masoor dal tadka,,
Staple,White peas,260,g,ok,,,,2026-07-27,2026-07-27,Staple mega inventory 27-Jul,,
Staple,Moong dal,0,g,out,,,,2026-09-14,2026-08-25,09-14: -50g L moong dal khichdi (1 pax),,
Staple,Kala chana,819,g,in,,,,2026-09-16,2026-07-27,09-16: -100g L kala chana sabzi,,
Staple,White vatana,350,g,in,,,,2026-07-27,2026-08-15,08-15: L white vatana masala (soaked Fri) -150,,
Staple,Rajma red (kidney beans),533,g,in,,,,2026-08-18,2026-07-27,D rajma tikki,,
Staple,Green moong dal (whole),0,g,out,,,,2026-08-25,2026-07-27,25-Aug: -68g D prep (green moong to muslin),,
Staple,Rajma chitra,226,g,ok,,,,2026-07-27,2026-07-27,Staple mega inventory 27-Jul,,
Staple,Lobia,630,g,ok,,,,2026-07-27,2026-07-27,Staple mega inventory 27-Jul,,
Staple,Moong dal chilka,0,g,out,,,,2026-09-18,2026-07-27,09-18: -64g L daal paratha,,
Staple,Urad dal,175,g,in,,,,2026-08-31,2026-07-27,31-Aug: -100g B prep (soak urad + finger millet + rice for idli),,
Staple,Sabudana,600,g,ok,,,,2026-07-27,2026-07-27,Staple mega inventory 27-Jul,,
Staple,Finger millet (ragi),800,g,in,,,,2026-09-18,2026-07-27,09-18: -150g B ragi idli,,
Staple,Peanuts,310,g,in,,,,2026-09-19,2026-07-27,09-19: -30g D peanut chutney,,
Staple,Soya chunks,200,g,ok,,,,2026-07-27,2026-07-27,Staple mega inventory 27-Jul,,
Staple,Dried red chilli,105,g,in,,,,2026-08-01,2026-07-27,B tomato chutney,,
Staple,Chilli flake sachets,20,sachet,ok,,,,2026-07-27,2026-07-27,Staple mega inventory 27-Jul,,
Staple,Sunflower oil,668,g,in,,,,2026-08-27,2026-08-11,27-Aug: -20g D puliyogre pulao,,
Staple,Atta,0,g,out,,,,2026-08-17,2026-08-16,16-Aug: BASELINE ANCHORED. Opening 3000g (per Bhavya) - 2960g recorded consumption (28Jul-15Aug) = 40g. Corrected from floating 136g (was +96g drift). LastChecked re-stamped.,,
Staple,Tej patta,35,g,in,,,,2026-08-21,2026-07-27,"(restored — bay leaf, not atta)",,
Staple,Besan,420,g,in,,,,2026-09-15,2026-08-15,09-15: -80g D besan chila,,
Staple,Badiyan (star anise),8,g,ok,,,,2026-07-27,2026-07-27,Staple mega inventory 27-Jul,,
Staple,Clove,11,g,ok,,,,2026-07-27,2026-07-27,Staple mega inventory 27-Jul,,
Staple,Cinnamon stick,13,g,ok,,,,2026-07-27,2026-07-27,Staple mega inventory 27-Jul,,
Staple,Jaggery powder,250,g,ok,,,,2026-07-27,2026-07-27,Staple mega inventory 27-Jul,,
Staple,Sugar (open),0,g,out,,,,2026-07-27,2026-07-27,12-Sep: merged into Sugar,,
Staple,Peanut butter,70,g,in,,,,2026-08-20,2026-07-27,Staple mega inventory 27-Jul,,
Staple,Salt (opened),0,g,out,,,,2026-08-01,2026-07-27,12-Sep: merged into Salt,,
Staple,Pintola peanut butter,900,g,ok,,,,2026-07-27,2026-07-27,Staple mega inventory 27-Jul,,
Staple,Chole masala,0,g,out,,,,2026-09-10,2026-07-28,09-10: -50g D kabuli chana pulao,,
Staple,Bisi bele bath masala,35,g,in,,,,2026-09-01,2026-07-27,1-Sep: -15g D bisi bele bhaat,,
Staple,Rasam powder,127,g,ok,,,,2026-07-27,2026-07-27,Staple mega inventory 27-Jul,,
Staple,Kasuri methi,11,g,in,,,,2026-08-05,2026-07-27,L paneer bhurji finish — kasuri methi,,
Staple,Puliogare powder,110,g,ok,,,,2026-07-27,2026-07-27,Staple mega inventory 27-Jul,,
Staple,Fenugreek seeds,100,g,ok,,,,2026-07-27,2026-07-27,Staple mega inventory 27-Jul,,
Staple,Pav bhaji masala,85,g,in,,,,2026-08-01,2026-08-18,"(restored — masala, not bread)",,
Staple,Chaat masala,57,g,in,,,,2026-09-05,2026-07-27,09-05: -5g D sweet potato,,
Staple,Kachi ghani oil,200,g,ok,,,,2026-07-27,2026-07-27,Staple mega inventory 27-Jul,,
Staple,Ketchup (no onion no garlic),500,ml,ok,,,,2026-07-27,2026-07-27,Staple mega inventory 27-Jul,,
Staple,Rainbow sprinkles,0,,out,,,,2026-07-27,2026-07-27,26-Aug: blank quantity normalised to 0,,
Staple,Cocoa powder,0,,out,,,,2026-07-27,2026-07-27,26-Aug: blank quantity normalised to 0,,
Staple,Baking soda,0,,out,,,,2026-07-27,2026-07-27,26-Aug: blank quantity normalised to 0,,
Staple,Baking powder,0,,out,,,,2026-07-27,2026-07-27,26-Aug: blank quantity normalised to 0,,
Staple,Peri peri seasoning,50,g,ok,,,,2026-07-27,2026-07-27,Staple mega inventory 27-Jul,,
Staple,Custard powder,100,g,ok,,,,2026-07-27,2026-07-27,Staple mega inventory 27-Jul,,
Staple,Coriander powder,31,g,in,,,,2026-08-11,2026-08-11,L rajma masala,,
Staple,Elaichi (cardamom),50,g,ok,,,,2026-07-27,2026-07-27,Staple mega inventory 27-Jul,,
Staple,White millet,500,g,ok,,,,2026-07-27,2026-07-27,Staple mega inventory 27-Jul,,
Staple,Mixed masala powder,100,g,ok,,,,2026-07-27,2026-07-27,Staple mega inventory 27-Jul,,
Staple,Fennel seeds,142,g,in,,,,2026-08-07,2026-07-27,L achari masala — fennel,,
Staple,Roasted seeds,80,g,ok,,,,2026-07-27,2026-07-27,Staple mega inventory 27-Jul,,
Staple,Cashews,110,g,in,,,,2026-08-26,2026-07-28,26-Aug: -20g B overnight oats nuts,,
Staple,Pepper (whole),80,g,ok,,,,2026-07-27,2026-07-27,Staple mega inventory 27-Jul,,
Staple,Raisins,50,g,ok,,,,2026-07-27,2026-07-27,Staple mega inventory 27-Jul,,
Staple,Pista,20,g,ok,,,,2026-07-27,2026-07-27,Staple mega inventory 27-Jul,,
Staple,Sesame seeds,30,g,ok,,,,2026-07-27,2026-07-27,Staple mega inventory 27-Jul,,
Staple,Kabuli chana,0,g,out,,,,2026-07-28,2026-07-28,L Amritsari chole,,
Staple,Jeera powder,0,g,out,,,,2026-09-16,2026-08-11,09-16: -29g D jeera rice,,
Staple,Ajwain powder,0,g,out,,,,2026-09-15,2026-07-27,09-15: -50g B ajwain thepla,,
Staple,Dried green peas,300,g,in,,,,2026-07-27,2026-08-13,13-Aug L: dried green peas sabzi -200,,
Staple,White sesame seeds,50,g,ok,,,,2026-07-27,2026-07-27,Staple mega inventory 27-Jul,,
Staple,Red chilli powder,100,g,in,,,,2026-08-05,2026-08-12,6-Aug order 100g added (was unbooked): 0+100,,
Staple,Foxtail millet,255,g,in,,,,2026-08-04,2026-07-27,"D foxtail millet khichdi, 2 pax",,
Staple,Dried soybean,80,g,ok,,,,2026-07-27,2026-07-27,Staple mega inventory 27-Jul,,
Staple,Bhujia sev (Haldiram),177,g,in,,,,2026-08-11,2026-08-11,B,,
Vegetable,Baby bottle gourd,0,pc,out,,,,2026-08-31,2026-08-17,31-Aug: -1pc B bottle gourd chilla,,
Vegetable,Coconut,0,pc,out,,,,2026-08-11,2026-08-11,Not in 11-Aug physical count — zeroed (count-driven),,2026-08-05
Meat,Low fat paneer,0,g,out,,,,2026-08-07,2026-08-07,L achari paneer tikka — ALL the paneer just ordered,,2026-08-07
Dairy,Toned milk,0,ml,out,,,,2026-08-11,2026-08-11,pre-existing milk removed 11-Aug (per order instruction),,
Staple,Forest honey,0.95,bottle,in,,,,2026-08-25,2026-07-30,25-Aug: -0.05bottle D prep (soak oats),,
Beverage,Paper Boat green apple sparkling water,600,ml,in,,,1,2026-08-05,2026-08-05,(restored — not lime),,2026-08-05
Beverage,Paper Boat dark roast sparkling coffee,600,ml,in,,,1,2026-08-05,2026-08-05,Order 5-Aug (start of day) — NEW SKU,,2026-08-05
Beverage,Paper Boat zero cranberry lime sparkling water,599,ml,in,,,1,2026-08-19,2026-08-05,Order 5-Aug (start of day) — NEW SKU,,2026-08-05
Non-food,Harpic Power Plus toilet cleaner,1,L,in,,,1,2026-08-05,2026-08-05,Order 5-Aug (start of day) — NEW SKU,,2026-08-05
Non-food,Scotch-Brite Silver Sparks scrub pad,1,pack,in,,,1,2026-08-05,2026-08-05,Order 5-Aug (start of day) — NEW SKU,,2026-08-05
Non-food,Presto medium garbage bags,1,pack,in,,,1,2026-08-05,2026-08-05,Order 5-Aug (start of day) — NEW SKU,,2026-08-05
Fruit,Pineapple,0,g,out,,,1,2026-08-11,2026-08-11,Not in 11-Aug physical count — zeroed (count-driven),,2026-08-07
Beverage,Fiji fruit punch,250,ml,in,,,1,2026-08-07,2026-08-07,Order 7-Aug — NEW SKU: 250 ml,,2026-08-07
Staple,Crunchy roasted edamame,0,pack,out,yes,,1,2026-09-02,2026-08-07,2-Sep: CONFIRMED present (Bhavya) — verify flag cleared,,2026-08-07
Staple,Troovy puffs (pudina),0,pack,out,yes,,1,2026-09-02,2026-08-07,2-Sep: CONFIRMED present (Bhavya) — verify flag cleared,,2026-08-07
Staple,Chickpea baked puff,0,pack,out,yes,,1,2026-09-02,2026-08-07,2-Sep: CONFIRMED present (Bhavya) — verify flag cleared,,2026-08-07
Vegetable,Ooty carrot,0,g,out,,,,2026-08-11,2026-08-17,17-Aug veg-section overwrite: removed (not in count),,
Dairy,Nandini slim skimmed milk,1000,ml,in,,,,2026-09-03,2026-09-03,3-Sep order (after breakfast),,
Staple,Bhagyalakshmi rice flour,240,g,in,,,,2026-08-22,2026-08-13,22-Aug: -50g B rava dosa,,
Staple,Vijay Gold jowar flour,440,g,in,,,,2026-08-11,2026-08-11,11-Aug pre-brekki order: Vijay Gold jowar flour 500g | 11-Aug meal -60g,,
Staple,Daawat basmati rice,0,g,out,,,,2026-09-07,2026-08-11,09-07: -50g L khichdi,,
Staple,Daawat sona masoori rice,320,g,in,,,,2026-09-19,2026-08-11,09-19: -150g L chawal,,
Meat,Punjab Sind paneer,0,g,out,,,,2026-08-21,2026-08-18,18-Aug order: Punjab Sind HP low-fat paneer 200g x2 (paneer back on board),,
Vegetable,Hybrid tomato,0,g,out,,,,2026-08-11,2026-08-11,duplicate — count truth is Tomato r21 1000g; hybrid order row cleared,,
Vegetable,Haricot beans,0,g,out,,,,2026-08-11,2026-08-11,dropped per Bhavya — count truth is Green beans r13 150g,,
Staple,Hot & Sweet,500,g,in,,,,2026-08-12,2026-08-12,12-Aug pre-brekki order: Maggi hot & sweet sauce,,
Fruit,Imported blueberry 125g,50,g,in,,,,2026-09-02,2026-09-02,2-Sep Bhavya overwrote — smart-list check result (full perishable count),,
Fruit,Hass avocado,0,pc,out,,,,2026-08-27,2026-08-26,27-Aug: -1pc B guacamole toast,,
Dairy,Akshayakalpa set curd,0,g,out,,,,2026-08-27,2026-08-27,27-Aug Bhavya overwrote — smart-list check result: RETIRED — all curd cleared from this board on instruction,,
Staple,Aashirvaad Atta,2930,g,in,,,,2026-09-14,2026-08-17,09-14: -160g D roti,,
Fruit,Raw mango,0,pc,out,,,,2026-09-05,2026-09-02,09-05: -0.5pc D bhel with raw mango,,
Dairy,Coconut milk,200,g,in,,,,2026-09-02,2026-09-02,2-Sep Bhavya overwrote — smart-list check result (full perishable count),,
Dals,Kabuli chana (chole),0,g,out,,,1,2026-08-25,2026-08-24,25-Aug: -50g D kabuli chana chat,,
Fruit,Pear,1,pc,in,,,1,2026-09-02,2026-09-02,2-Sep Bhavya overwrote — smart-list check result (full perishable count),,
Condiment,Jam,200,g,in,,,1,2026-08-25,2026-08-25,25-Aug order,,
Dals,Toor dal,0,g,out,,,1,2026-09-16,2026-08-25,09-16: -20g D dal fry,,
Dairy,Set curd,0,g,out,,,1,2026-09-02,2026-09-02,2-Sep: removed on instruction — not present (was 50g),,
Condiment,Schezwan sauce,200,g,in,,,1,2026-08-31,2026-08-31,31-Aug order — NEW row,,
Vegetable,French beans,0,g,out,,,1,2026-09-03,2026-09-02,03-Sep: -20g D sauteed paneer and beans,,
Grains,Idli rice,850,g,in,,,1,2026-09-03,2026-08-31,3-Sep: restored — the leftover ragi idli was already cooked — the raw idli rice must not be deducted again,,
Spice,Ajwain (whole),45,g,in,,,1,2026-09-08,2026-09-07,09-08: -5g B ajwain thepla,,
