Pratik & Sakshi,,,,,,,,,,,,
Current stock · 2 on record / 9 effective eaters,,,,,,,,,,,,
Category,Item,Quantity,Unit,Status,Est,Verify,Factor,Last checked,Last entered,Note,Expiry,Bought
Vegetable,Ginger,100,g,in,,,,2026-09-23,2026-09-15,23-Sep mega overwrite,,2026-08-05
Vegetable,Baby potato,0,pc,out,,,,2026-08-13,2026-08-13,"(count was regular potatoes, not baby)",,
Vegetable,Potato,5,pc,in,,,,2026-09-23,2026-09-12,23-Sep mega overwrite,,
Vegetable,Onion,1000,g,in,,,,2026-09-23,2026-09-15,23-Sep mega overwrite,,
FnV,Sambar onion (shallots),0,g,out,,,,2026-08-08,2026-08-08,"Merged into ""Onion"" 8-Aug",,
Vegetable,Garlic,200,g,in,,,,2026-09-23,2026-09-12,23-Sep mega overwrite,,2026-08-05
Fruit,Kiwi,2,pc,in,,,,2026-09-23,2026-09-07,23-Sep mega overwrite,,2026-08-06
Vegetable,Avocado,1,pc,in,,,,2026-09-23,2026-09-07,23-Sep mega overwrite,,2026-08-04
Fruit,Pomegranate,2.5,pc,in,,,,2026-09-23,2026-08-17,23-Sep mega overwrite,,2026-08-06
Fruit,Banana,6,pc,in,,,,2026-09-23,2026-09-15,23-Sep mega overwrite,,
Vegetable,Cucumber,500,g,in,,,,2026-09-23,2026-09-07,23-Sep mega overwrite,,
FnV,Green cucumber,0,pc,out,,,,2026-08-08,2026-08-08,"Merged into ""English cucumber"" 8-Aug",,
Fruit,Guava,0.5,pc,in,,,,2026-09-23,2026-09-12,23-Sep mega overwrite,,2026-08-06
Fruit,Pear,0,pc,out,,,,2026-09-23,2026-09-12,23-Sep: not in mega overwrite,,
Fruit,Orange,1,pc,in,,,,2026-09-23,2026-09-12,23-Sep mega overwrite,,
Fruit,Custard apple,0,pc,out,,,,2026-08-24,2026-08-24,24-Aug Bhavya overwrote — smart-list check result — veg/fruit section overwritten: not in 24-Aug Bhavya overwrote — smart-list check result (veg/fruit count) (was 1pc),,2026-08-06
Vegetable,Capsicum (pool: green/red/yellow),0,g,out,,,,2026-09-05,2026-09-02,09-05: -30g L roasted vegetables,,2026-08-03
Vegetable,Red capsicum,0,pc,out,,,,2026-09-16,2026-09-12,09-16: -1pc D roasted masala veggies,,2026-08-05
Vegetable,Yellow capsicum,0,pc,out,,,,2026-09-17,2026-09-12,09-17: -1pc D chaat masala vegetables,,2026-08-05
Vegetable,Radish,0,pc,in,,,,2026-09-14,2026-09-12,09-14: -1g D radish,,
Vegetable,Mint,0,g,out,,,100,2026-09-07,2026-09-07,7-Sep after-lunch veg+fruit overwrite (Bhavya): not in the count (was 50g),,2026-08-05
Vegetable,Coriander (dhania),200,g,in,,,100,2026-09-23,2026-09-23,23-Sep order (pre-meal),,2026-08-05
Vegetable,Button mushroom,0,g,out,,,,2026-09-23,2026-09-15,23-Sep: not in mega overwrite,,
Vegetable,Zucchini,2,pc,in,,,,2026-09-23,2026-09-12,23-Sep mega overwrite,,
Vegetable,Baby corn,0,g,out,est,,,2026-08-13,2026-08-15,15-Aug SAT count: not in physical count -> removed,,
Vegetable,Cabbage,1,pc,in,,,,2026-09-23,2026-09-12,23-Sep mega overwrite,,
Vegetable,Lemon,250,g,in,,,,2026-09-23,2026-09-12,23-Sep mega overwrite,,2026-08-06
Vegetable,Basil,0,g,out,,,,2026-09-05,2026-09-05,5-Sep: basil removed,,
Vegetable,Bhaji mirch (green chilli),0,g,out,,,,2026-09-23,2026-09-05,23-Sep: not in mega overwrite,,
Vegetable,Spring onion,0,g,out,,,,2026-09-23,2026-09-01,23-Sep: not in mega overwrite,,
Vegetable,Spinach/Palak,250,g,in,,,,2026-09-23,2026-09-23,23-Sep order,,2026-08-03
Vegetable,Carrot,0,pc,out,,,,2026-09-17,2026-09-12,09-17: -2pc L pulao veg,,
Vegetable,Tomato,1000,g,in,,,,2026-09-23,2026-09-14,23-Sep mega overwrite,,2026-08-05
Vegetable,Brinjal,0,pc,out,,,,2026-09-12,2026-09-07,12-Sep perishable overwrite — not in count,,
Vegetable,Curry leaves,30,g,in,,,50,2026-09-23,2026-09-07,23-Sep mega overwrite,,2026-08-03
Vegetable,Sweet potato,2,pc,in,,,,2026-09-23,2026-09-12,23-Sep mega overwrite,,
Meat,Eggs,4,pc,in,,,,2026-09-23,2026-09-12,23-Sep mega overwrite,,
Meat,Paneer,200,g,in,,,,2026-09-23,2026-09-12,"23-Sep order (post-meal, +200g)",,
Meat,Akshayakalpa Paneer,0,g,out,,,,2026-08-17,2026-08-18,18-Aug after-lunch count: not present,,
Dairy,Homemade curd,0,g,out,,,,2026-08-01,2026-08-01,Not in the 1-Aug Bhavya overwrote — smart-list check result (perishable count) — cleared to 0 (was 1000 g),,
Dairy,Yogurt,300,g,in,,,,2026-09-23,2026-07-18,23-Sep mega overwrite,,
Dairy,Athena yogurt,0,pc,out,,,,2026-08-01,2026-08-15,(dupe Athena row zeroed),,
Dairy,Bocconcini,0,g,out,,,,2026-09-23,2026-09-12,23-Sep: not in mega overwrite,,
Dairy,Butter,200,g,in,,,,2026-09-23,2026-09-12,23-Sep mega overwrite,,
Dairy,Cheddar cheese block,0,g,out,,,,2026-09-23,2026-09-12,23-Sep: not in mega overwrite,,
Dairy,Gruyere cheese,0,g,out,,,,2026-07-27,,Expected but missing — not in 27-Jul after-lunch count,,
Dairy,Almond milk,1000,ml,in,,,,2026-09-23,2026-09-02,23-Sep mega overwrite,,2026-08-06
Fruit,Blueberry,100,g,in,,,,2026-09-23,2026-09-15,23-Sep mega overwrite,,2026-08-06
Staple,Unsweetened peanut butter,0,g,out,,,,2026-09-01,2026-09-01,1-Sep Bhavya overwrote — smart-list check result (post-lunch perishable count): previous peanut butter removed on instruction (was 500g),,
Vegetable,Edamame (frozen),0,g,out,,,,2026-09-07,2026-09-07,7-Sep after-lunch veg+fruit overwrite (Bhavya): not in the count (was 290g),,2026-08-03
Frozen,Frozen peas,200,g,in,,,,2026-09-23,2026-09-05,23-Sep mega overwrite,,
Vegetable,Green peas,0,g,out,,,,2026-09-23,2026-09-12,23-Sep: not in mega overwrite,,
Staple,Onion petals,0,g,out,,,,2026-09-23,2026-09-05,23-Sep: not in mega overwrite,,
Vegetable,Jalapeno,0,g,out,,,,2026-08-15,2026-08-17,17-Aug after-lunch count: not present,,
Staple,Sesame oil,1000,ml,in,,,,2026-09-23,2026-09-02,23-Sep mega overwrite,,
Condiment,Olive oil,1200,ml,in,,,,2026-09-23,2026-09-12,23-Sep mega overwrite,,
Pantry,Groundnut oil,700,ml,in,,,,2026-09-23,2026-09-02,23-Sep mega overwrite,,2026-08-08
Pantry,Coconut oil,0,bottle,out,,,,2026-08-04,2026-08-15,(coconut-chutney mishit cleared — this is oil),,
Pantry,Fish sauce,0,bottle,out,,,,2026-08-04,2026-08-04,Confirmed gone 4-Aug — removed on operator confirmation,,
Pantry,Culinary Chinese rice wine,0,bottle,out,,,,2026-07-14,,merged into table SKU (dedup) 28-Jul,,
Pantry,Soy sauce,0,ml,out,,,,2026-09-23,2026-09-02,23-Sep: not in mega overwrite,,
Pantry,Tomato ketchup,100,g,in,,,,2026-09-23,2026-09-02,23-Sep mega overwrite,,
Pantry,Synthetic vinegar,800,ml,in,,,,2026-09-23,2026-09-02,23-Sep mega overwrite,,
Pantry,Maple syrup,0,ml,out,,,,2026-09-23,2026-09-02,23-Sep: not in mega overwrite,,
Staple,Corn syrup,700,ml,in,,,,2026-09-23,2026-09-02,23-Sep mega overwrite,,
Staple,Vanilla extract,0,g,out,,,,2026-08-04,2026-08-04,Not in the 4-Aug mega inventory — cleared to 0 (was 40 g),,
Pantry,Bourbon natural vanilla,0,bottle,out,,,,2026-07-14,,merged into table SKU (dedup) 28-Jul,,
Pantry,Strawberry spread,0,g,out,,,,2026-09-15,2026-09-15,15-Sep: restored — order moved to correct row,,
Pantry,Strawberry jam,0,g,out,,,,2026-09-02,2026-09-02,2-Sep Bhavya overwrote — smart-list check result (FULL PANTRY overwrite) (Bhavya upload): not on the board (was 50g),,
Pantry,Sundried tomatoes,200,g,in,,,,2026-09-23,2026-09-02,23-Sep mega overwrite,,
Pantry,Black olives,0,g,out,,,,2026-08-04,2026-08-14,14-Aug: removed from household per Bhavya,,
Pantry,Green olives,0,g,out,,,,2026-08-04,2026-08-14,14-Aug: removed from household per Bhavya,,
Pantry,Tahini paste (white),0,g,out,,,,2026-09-23,2026-09-02,23-Sep: not in mega overwrite,,
Pantry,Hellmann mayonnaise,0,g,out,,,,2026-07-14,,merged into table SKU (dedup) 28-Jul,,
Pantry,Chings Sriracha,0,bottle,out,,,,2026-07-14,,merged into table SKU (dedup) 28-Jul,,
Staple,Garlic powder,20,g,in,,,,2026-09-23,2026-09-02,23-Sep mega overwrite,,
Pantry,Vanilla milkshake,0,ml,out,,,,2026-08-04,2026-08-04,Deleted 4-Aug — kids’ cupboard cleared out,,
Pantry,Urban Platter coconut milk,0,ml,out,,,,2026-07-14,2026-07-22,merged into table SKU (dedup) 28-Jul,,
Staple,Brown sugar,700,g,in,,,,2026-09-23,2026-09-02,23-Sep mega overwrite,,
Pantry,Desi Khandsari sugar,0,g,out,,,,2026-09-23,2026-09-02,23-Sep: not in mega overwrite,,
Pantry,Sugar powder (open),0,g,out,,,,2026-09-23,2026-09-02,23-Sep: not in mega overwrite,,
Pantry,Jaggery powder,500,g,in,,,,2026-09-23,2026-09-02,23-Sep mega overwrite,,
Staple,Cocoa powder,0,g,out,,,,2026-09-23,2026-09-02,23-Sep: not in mega overwrite,,
Pantry,Corn powder,0,packet,out,,,,2026-07-14,,Dropped — covered by your 28-Jul list (authoritative),,
Pantry,Almond butter,400,g,in,,,,2026-09-23,2026-09-02,23-Sep mega overwrite,,
Staple,Pistachios,0,g,out,,,,2026-09-23,2026-09-02,23-Sep: not in mega overwrite,,
Pantry,Cashew,100,g,in,,,,2026-09-23,2026-09-02,23-Sep mega overwrite,,
Staple,Chia seeds,100,g,in,,,,2026-09-23,2026-09-02,23-Sep mega overwrite,,
Staple,Pumpkin seeds,200,g,in,,,,2026-09-23,2026-09-02,23-Sep mega overwrite,,
Grains,Emmer wheat,0,g,out,,,,2026-09-23,2026-09-02,23-Sep: not in mega overwrite,,
Staple,Bajra atta,500,g,in,,,,2026-09-23,2026-09-02,23-Sep mega overwrite,,
Grains,Bajra daliya,1000,g,in,,,,2026-09-23,2026-09-02,23-Sep mega overwrite,,
Grains,Sharbati atta,0,g,out,,,,2026-09-02,2026-09-02,2-Sep Bhavya overwrote — smart-list check result (FULL PANTRY overwrite) (Bhavya upload): not on the board (was 800g),,
Staple,High protein atta,500,g,in,,,,2026-09-23,2026-09-02,23-Sep mega overwrite,,
Grains,Aashirwad atta,0,g,out,,,,2026-09-23,2026-09-04,23-Sep: not in mega overwrite,,
Grains,10 on 10 whole wheat atta,0,g,out,,,,2026-09-23,2026-09-02,23-Sep: not in mega overwrite,,
Grains,Jowar flour,750,g,in,,,,2026-09-23,2026-08-18,23-Sep mega overwrite,,
Grains,Barnyard millet,1000,g,in,,,,2026-09-23,2026-09-02,23-Sep mega overwrite,,
Staple,Foxtail millet,400,g,in,,,,2026-09-23,2026-09-02,23-Sep mega overwrite,,
Staple,Basmati rice,500,g,in,,,,2026-09-23,2026-08-18,23-Sep mega overwrite,,
Staple,Brown rice,900,g,in,,,,2026-09-23,2026-09-03,23-Sep mega overwrite,,
Staple,Quaker oats,0,g,out,,,,2026-09-23,2026-09-02,23-Sep: not in mega overwrite,,
Grains,Suji (organic),0,g,out,,,,2026-09-23,2026-09-02,23-Sep: not in mega overwrite,,
Grains,Sattu,300,g,in,,,,2026-09-23,2026-09-02,23-Sep mega overwrite,,
Grains,Organic Sattu,0,g,out,,,,2026-09-02,2026-08-12,2-Sep Bhavya overwrote — smart-list check result (FULL PANTRY overwrite) (Bhavya upload): merged into the single Organic sattu row,,
Grains,Slurrp Farm Ragi,0,g,out,,,,2026-08-04,2026-08-18,18-Aug: merged/dedup — consolidated into primary row,,
Dals,White rajma,0,g,out,,,,2026-09-23,2026-09-02,23-Sep: not in mega overwrite,,
Dals,Chana dal,750,g,in,,,,2026-09-23,2026-09-02,23-Sep mega overwrite,,
Dals,Organic Green Moong,0,g,out,,,,2026-09-23,2026-09-02,23-Sep: not in mega overwrite,,
Dals,Pro Nature Moong,0,g,out,,,,2026-07-14,,Dropped — covered by your 28-Jul list (authoritative),,
Staple,Moong dal,0,g,out,,,,2026-09-23,2026-09-02,23-Sep: not in mega overwrite,,
Dals,Open moong,0,g,out,,,,2026-07-14,,Dropped — covered by your 28-Jul list (authoritative),,
Dals,Masoor dal,300,g,in,,,,2026-09-23,2026-09-02,23-Sep mega overwrite,,
Staple,Urad black whole,0,g,out,,,,2026-09-23,2026-09-02,23-Sep: not in mega overwrite,,
Dals,Whole urad (open),0,g,out,,,,2026-08-04,2026-08-18,18-Aug: merged/dedup — consolidated into primary row,,
Dals,Urad dal,0,g,out,,,,2026-09-23,2026-09-12,23-Sep: not in mega overwrite,,
Dals,Organic Cowpea (white),0,g,out,,,,2026-08-04,2026-08-18,18-Aug: merged/dedup — consolidated into primary row,,
Dals,Chickpeas (open),0,g,out,,,,2026-08-06,2026-08-04,D baked falafel 200 + weight-loss hummus 100,,
Dals,Chole,0,g,out,,,,2026-09-10,2026-09-02,09-10: -100g L staff chole sabzi (6 pax),,
Dals,Sabudana,100,g,in,,,,2026-09-23,2026-09-02,23-Sep mega overwrite,,
Staple,Chaat masala,150,g,in,,,,2026-09-23,2026-09-02,23-Sep mega overwrite,,
Spice,Mustard (yellow),0,g,out,,,,2026-09-23,2026-09-02,23-Sep: not in mega overwrite,,
Spice,Tej patta,0,g,out,,,,2026-09-23,2026-09-02,23-Sep: not in mega overwrite,,
Condiment,Tamarind,600,g,in,,,,2026-09-23,2026-09-12,23-Sep mega overwrite,,
Spice,Coriander powder,100,g,in,,,,2026-09-23,2026-09-02,23-Sep mega overwrite,,
Spice,Turmeric powder,0,g,out,,,,2026-09-23,2026-09-02,23-Sep: not in mega overwrite,,
Spice,MTR Kashmiri chilli powder,0,g,out,,,,2026-09-23,2026-09-02,23-Sep: not in mega overwrite,,
Spice,Black pepper (whole),0,g,out,,,,2026-09-23,2026-09-02,23-Sep: not in mega overwrite,,
Spice,Dried red chilli,0,g,out,,,,2026-09-02,2026-09-02,2-Sep Bhavya overwrote — smart-list check result (FULL PANTRY overwrite) (Bhavya upload): not on the board (was 200g),,
Spice,Red chilli powder,0,g,out,,,,2026-09-23,2026-09-02,23-Sep: not in mega overwrite,,
Staple,White sesame seeds,0,g,out,,,,2026-09-23,2026-09-02,23-Sep: not in mega overwrite,,
Grains,Borges penne pasta,0,g,out,,,,2026-08-04,2026-08-18,18-Aug: merged/dedup — consolidated into primary row,,
Misc,Food colours (Blue/Yellow/Green),0,bottle,out,,,,2026-09-02,2026-09-02,2-Sep Bhavya overwrote — smart-list check result (FULL PANTRY overwrite) (Bhavya upload): not on the board (was 3bottle),,
Vegetable,Green chilli,200,g,in,,,,2026-09-23,2026-09-02,23-Sep mega overwrite,,
Fruit,Thai guava,0,g,out,,,,2026-07-27,2026-07-18,Expected but missing — not in 27-Jul after-lunch count,,
Dairy,Milk (Heritage),0,ml,out,,,,2026-08-13,2026-08-15,15-Aug SAT count: not in physical count -> removed,,
Vegetable,Cauliflower,1,pc,in,,,,2026-09-23,2026-09-12,23-Sep mega overwrite,,
Staple,Flax seeds,150,g,in,,,,2026-09-23,2026-09-02,23-Sep mega overwrite,,
Staple,Sunflower seeds,200,g,in,,,,2026-09-23,2026-09-02,23-Sep mega overwrite,,
Pantry,White label sugar,0,g,out,,,,2026-09-23,2026-09-02,23-Sep: not in mega overwrite,,
Grains & pantry,Suji (rava),0,g,out,,,,2026-09-02,2026-08-18,2-Sep Bhavya overwrote — smart-list check result (FULL PANTRY overwrite) (Bhavya upload): merged into the single Suji row,,
Spices,Jeera,1300,g,in,,,,2026-09-23,2026-07-23,23-Sep mega overwrite,,
Staple,Maida,1000,g,in,,,,2026-09-23,2026-09-02,23-Sep mega overwrite,,
Grains & pantry,Gobbleright quinoa beetroot,0,packet,out,,,,2026-07-18,2026-07-23,merged into table SKU (dedup) 28-Jul,,
Grains & pantry,Gobbleright spinach quinoa,0,packet,out,,,,2026-07-15,,merged into table SKU (dedup) 28-Jul,,
Nuts & seeds,Dates,200,g,in,,,,2026-09-23,2026-09-02,23-Sep mega overwrite,,
Staple,Protein powder,0,g,out,,,,2026-09-23,2026-09-02,23-Sep: not in mega overwrite,,
Vegetable,Beetroot,250,g,in,,,,2026-09-23,2026-09-12,23-Sep mega overwrite,,2026-08-06
Dairy,Cheese slices,0,g,out,,,,2026-07-27,,Expected but missing — not in 27-Jul after-lunch count,,
Meat,Tofu (soft),0,g,out,,,,2026-09-23,2026-09-12,23-Sep: reverted — order was Health on Plant tofu,,
FnV,Yelakki banana,0,g,out,,,,2026-08-11,2026-08-13,13-Aug count: not in physical count -> removed,,
Fruit,Mango,0,pc,out,,,,2026-08-04,2026-08-04,Not in the 4-Aug mega inventory — cleared to 0 (was 1 pc),,
Dairy,Skyr,0,g,out,,,,2026-09-12,2026-09-07,12-Sep perishable overwrite — not in count,,
Meat,Soft tofu,0,g,out,,,,2026-08-08,2026-08-08,"Merged into ""Hard tofu"" 8-Aug",,
Bread & bakery,Gluten-free sourdough bread,0,loaf,out,,,,2026-09-23,2026-09-07,23-Sep: not in mega overwrite,,
Fruit,Pink guava,0,g,out,,,,2026-07-27,2026-07-18,Expected but missing — not in 27-Jul after-lunch count,,
Bread & bakery,Zero maida bread,700,g,in,,,,2026-09-23,2026-09-23,23-Sep order (pre-meal),,
Meat,Hard tofu,0,g,out,,,,2026-08-13,2026-08-14,08-14: D tofu roast -200,,
Meat,Homemade paneer,0,g,out,,,,2026-08-08,2026-08-08,"Merged into ""Paneer (Akshayakalpa)"" 8-Aug",,
Vegetable,Eggplant,0,g,out,,,,2026-08-01,2026-08-01,Not in the 1-Aug Bhavya overwrote — smart-list check result (perishable count) — cleared to 0 (was 400 g),,
Fruit,Muskmelon,0,pc,out,,,,2026-09-23,2026-09-12,23-Sep: not in mega overwrite,,2026-08-04
Vegetable,Beans,250,g,in,,,,2026-09-23,2026-09-12,23-Sep mega overwrite,,
Grains & pantry,Besan,750,g,in,,,,2026-09-23,2026-09-02,23-Sep mega overwrite,,
Vegetable,Dill leaves,0,g,out,,,,2026-07-27,2026-07-18,Expected but missing — not in 27-Jul after-lunch count,,
Fruit,Blackberry,0,g,out,,,,2026-08-07,2026-08-07,Not in the 7-Aug overwrite count — zeroed (was 50 g),,
Fruit,Strawberry,0,g,out,,,,2026-09-23,2026-09-12,23-Sep: not in mega overwrite,,2026-08-04
Pantry,Raisins,0,g,out,,,,2026-09-23,2026-09-02,23-Sep: not in mega overwrite,,
Staple,Black raisins,0,g,out,,,,2026-09-02,2026-09-02,2-Sep Bhavya overwrote — smart-list check result (FULL PANTRY overwrite): duplicate shell — the counted value sits on the primary row,,
Staple,Jowar atta,0,g,out,,,,2026-09-23,2026-09-02,23-Sep: not in mega overwrite,,
Vegetable,Asparagus,0,g,out,,,,2026-09-12,2026-09-07,12-Sep perishable overwrite — not in count,,
Vegetable,Broccoli,1,pc,in,,,,2026-09-23,2026-09-12,23-Sep mega overwrite,,2026-08-05
Vegetable,Bottle gourd,500,g,in,,,,2026-09-23,2026-09-12,"23-Sep order (post-meal, +500g)",,
FnV,Sambar cucumber,0,g,out,,,,2026-08-08,2026-08-08,"Merged into ""English cucumber"" 8-Aug",,
Staple,Chole masala,0,g,out,,,,2026-09-12,2026-09-02,09-12: -93g D vegetable bhaji with chickpea,,
Staple,Pav bhaji masala,50,g,in,,,,2026-09-23,2026-09-02,23-Sep mega overwrite,,
Staple,Korma masala,50,g,in,,,,2026-09-23,2026-09-02,23-Sep mega overwrite,,
FnV,Tender coconut (chopped),0,pc,out,,,,2026-09-15,2026-09-07,09-15: -2pc B coconut chutney,,2026-08-03
Fruit,Litchi,0,g,out,,,1,2026-08-01,2026-08-01,Not in the 1-Aug Bhavya overwrote — smart-list check result (perishable count) — cleared to 0 (was 250 g),,
Vegetable,Rosemary,0,g,out,,,1,2026-08-01,2026-08-01,Not in the 1-Aug Bhavya overwrote — smart-list check result (perishable count) — cleared to 0 (was 50 g),,
Vegetable,Lauki (bottle gourd),0,g,out,,,1,2026-07-27,2026-07-22,Expected but missing — not in 27-Jul after-lunch count,,
Vegetable,Dry coconut,0,pc,out,,,1,2026-08-24,2026-08-24,24-Aug Bhavya overwrote — smart-list check result — veg/fruit section overwritten: not in 24-Aug Bhavya overwrote — smart-list check result (veg/fruit count) (was 1pc),,
Vegetable,Fresh methi,0,g,out,,,1,2026-08-01,2026-08-01,Not in the 1-Aug Bhavya overwrote — smart-list check result (perishable count) — cleared to 0 (was 100 g),,
Spice,Garam masala,50,g,in,,,1,2026-09-23,2026-09-02,23-Sep mega overwrite,,
Dairy,Milky Mist greek yogurt,0,g,out,,,1,2026-09-19,2026-09-04,09-19: -20g B chaas,,
Fruit,Longan (imported),0,g,out,,,1,2026-09-12,2026-09-07,12-Sep perishable overwrite — not in count,,
Dairy,Natural yogurt,0,pc,out,,,1,2026-08-01,2026-08-01,Not in the 1-Aug Bhavya overwrote — smart-list check result (perishable count) — cleared to 0 (was 3 pc),,
Dairy,Wheat bread,0,slice,out,,,1,2026-08-01,2026-08-01,Not in the 1-Aug Bhavya overwrote — smart-list check result (perishable count) — cleared to 0 (was 6 slice),,
Staple,White chana,0,g,out,,,1,2026-07-23,2026-07-23,Dropped — covered by your 28-Jul list (authoritative),,
Vegetable,Cherry tomato,0,g,out,,,,2026-09-23,2026-09-12,23-Sep: not in mega overwrite,,2026-08-05
Fruit,Watermelon,0,pc,out,,,,2026-09-23,2026-09-12,23-Sep: not in mega overwrite,,
Vegetable,Rocket leaves,0,g,out,,,,2026-08-01,2026-08-01,Not in the 1-Aug Bhavya overwrote — smart-list check result (perishable count) — cleared to 0 (was 50 g),,
Staple,Salt,1000,g,in,,,,2026-09-23,2026-09-07,23-Sep mega overwrite,,
Staple,Hing,50,g,in,,,,2026-09-23,2026-09-02,23-Sep mega overwrite,,
Staple,Ajwain,100,g,in,,,,2026-09-23,2026-09-02,23-Sep mega overwrite,,
Staple,Amchur,0,g,out,,,,2026-07-27,,merged into table SKU (dedup) 28-Jul,,
Staple,Peanut,1000,g,in,,,,2026-09-23,2026-09-02,23-Sep mega overwrite,,
Staple,Black salt,0,g,out,,,,2026-07-27,,Not used by household,,
Vegetable,Disco pumpkin,0,pc,out,,,,2026-09-15,2026-09-12,09-15: -0.5pc D dry pumpkin sabzi,,
Fruit,Papaya,0,pc,out,,,,2026-08-15,2026-08-17,17-Aug after-lunch count: not present,,
Frozen,Frozen sweet corn,0,g,out,,,,2026-09-23,2026-09-12,23-Sep: not in mega overwrite,,
Staple,Bay leaf (tejpatta),0,g,out,,,,2026-08-04,2026-08-04,2-Sep Bhavya overwrote — smart-list check result (FULL PANTRY overwrite): duplicate shell — the counted value sits on the primary row,,
Staple,Honey,200,g,in,,,,2026-09-23,2026-09-02,23-Sep mega overwrite,,
Staple,Wild forest honey,0,g,out,,,,2026-08-04,2026-08-04,Not in the 4-Aug mega inventory — cleared to 0 (was 100 g),,
Staple,Himalayan multiflora honey,0,g,out,,,,2026-09-02,2026-09-02,2-Sep Bhavya overwrote — smart-list check result (FULL PANTRY overwrite) (Bhavya upload): not on the board (was 200g),,
Staple,Strawberry fruit spread,50,ml,in,,,,2026-09-23,2026-09-02,23-Sep mega overwrite,,
Staple,Apple cider vinegar,500,ml,in,,,,2026-09-23,2026-09-02,23-Sep mega overwrite,,2026-08-06
Staple,Crunchy chili garlic oil,0,ml,out,,,,2026-09-23,2026-09-02,23-Sep: not in mega overwrite,,
Staple,Saffola cold-pressed groundnut oil,0,g,out,,,,2026-08-04,2026-08-04,"Merged into ""Groundnut oil (Saffola)"" r66 — one groundnut-oil SKU",,
Staple,Premium dark soy sauce,0,ml,out,,,,2026-09-02,2026-09-02,2-Sep Bhavya overwrote — smart-list check result (FULL PANTRY overwrite) (Bhavya upload): not on the board (was 60ml),,
Staple,Chinese rice wine,0,ml,out,,,,2026-09-02,2026-09-02,2-Sep Bhavya overwrote — smart-list check result (FULL PANTRY overwrite) (Bhavya upload): not on the board (was 1000ml),,
Staple,Coconut aminos umami sauce,0,ml,out,,,,2026-09-23,2026-09-14,23-Sep: not in mega overwrite,,
Staple,Sriracha,0,g,out,,,,2026-09-23,2026-09-02,23-Sep: not in mega overwrite,,
Staple,Hellmann's mayonnaise,0,g,out,,,,2026-09-02,2026-09-02,2-Sep Bhavya overwrote — smart-list check result (FULL PANTRY overwrite) (Bhavya upload): not on the board (was 100g),,
Staple,Mustard sauce,200,g,in,,,,2026-09-23,2026-09-02,23-Sep mega overwrite,,
Staple,Chocolate protein powder,0,g,out,,,,2026-08-04,2026-08-04,Deleted 4-Aug — kids’ cupboard cleared out,,
Staple,Whole Truth Double Cocoa (juniors),0,g,out,,,,2026-08-04,2026-08-04,Deleted 4-Aug — kids’ cupboard cleared out,,
Staple,Kids power shake,0,g,out,,,,2026-09-23,2026-09-02,23-Sep: not in mega overwrite,,
Staple,Drinking chocolate,100,g,in,,,,2026-09-23,2026-09-02,23-Sep mega overwrite,,
Dairy,Athena Greek yogurt,0,g,out,,,,2026-09-12,2026-09-07,12-Sep perishable overwrite — not in count,,2026-08-06
Staple,Akshayakalpa ghee,0,g,out,,,,2026-09-23,2026-09-02,23-Sep: not in mega overwrite,,
Staple,Oregano seasoning,0,g,out,,,,2026-09-23,2026-09-02,23-Sep: not in mega overwrite,,
Staple,Sumac powder,30,g,in,,,,2026-09-23,2026-09-02,23-Sep mega overwrite,,
Staple,Zaatar seasoning,50,g,in,,,,2026-09-23,2026-09-02,23-Sep mega overwrite,,
Staple,Smoked paprika,0,g,out,,,,2026-09-23,2026-09-02,23-Sep: not in mega overwrite,,
Staple,Sweet paprika,0,g,out,,,,2026-09-23,2026-09-02,23-Sep: not in mega overwrite,,
Staple,Urfa chili flakes,0,g,out,,,,2026-08-04,2026-08-04,Confirmed gone 4-Aug — removed on operator confirmation,,
Staple,Chili flakes,0,g,out,,,,2026-09-23,2026-09-02,23-Sep: not in mega overwrite,,
Staple,Cardamom powder,0,g,out,,,,2026-09-23,2026-09-02,23-Sep: not in mega overwrite,,
Staple,Cinnamon powder,0,g,out,,,,2026-09-23,2026-09-02,23-Sep: not in mega overwrite,,
Staple,Cloves,50,g,in,,,,2026-09-23,2026-09-02,23-Sep mega overwrite,,
Staple,Whole black pepper,0,g,out,,,,2026-09-23,2026-09-02,23-Sep: not in mega overwrite,,
Staple,Hing powder,0,g,out,,,,2026-09-02,2026-09-02,2-Sep Bhavya overwrote — smart-list check result (FULL PANTRY overwrite) (Bhavya upload): not on the board (was 24g),,
Staple,Kalonji,20,g,in,,yes,,2026-09-23,2026-09-02,23-Sep mega overwrite,,
Staple,Everest garam masala,0,g,out,,,,2026-08-04,2026-08-18,18-Aug: merged/dedup — consolidated into primary row,,
Staple,Amchur powder,0,g,out,,,,2026-09-23,2026-09-02,23-Sep: not in mega overwrite,,
Staple,Mustard seeds (yellow),0,g,out,,,,2026-09-23,2026-09-02,23-Sep: not in mega overwrite,,
Staple,Farm Organic Cinnamon Latte,0,g,out,,,,2026-08-04,2026-08-04,Deleted 4-Aug — kids’ cupboard cleared out,,
Staple,Farm Organic Turmeric Latte,0,g,out,,,,2026-08-04,2026-08-04,Deleted 4-Aug — kids’ cupboard cleared out,,
Staple,Farm Organic Clove Whole,0,g,out,,,,2026-08-04,2026-08-04,Deleted 4-Aug — kids’ cupboard cleared out,,
Staple,Farm Organic Curry Masala,0,g,out,,,,2026-09-23,2026-09-02,23-Sep: not in mega overwrite,,
Staple,Baking soda,50,g,in,,,,2026-09-23,2026-09-02,23-Sep mega overwrite,,
Staple,Baking powder,100,g,in,,,,2026-09-23,2026-09-02,23-Sep mega overwrite,,
Staple,Cornflour,0,g,out,,,,2026-09-23,2026-09-02,23-Sep: not in mega overwrite,,
Staple,Bourbon vanilla,0,g,out,,,,2026-09-23,2026-09-02,23-Sep: not in mega overwrite,,
Staple,ORS,0,pack,out,,,,2026-09-02,2026-09-02,2-Sep Bhavya overwrote — smart-list check result (FULL PANTRY overwrite) (Bhavya upload): not on the board (was 1pack),,
Staple,Tata salt,0,g,out,,,,2026-09-02,2026-09-02,2-Sep Bhavya overwrote — smart-list check result (FULL PANTRY overwrite) (Bhavya upload): not on the board (was 1000g),,
Staple,Sugar,1000,g,in,,,,2026-09-23,2026-09-02,23-Sep mega overwrite,,
Staple,White sugar,0,g,out,,,,2026-08-04,2026-08-04,Not in the 4-Aug mega inventory — cleared to 0 (was 1000 g),,
Staple,Khandsari desi sugar,0,g,out,,,,2026-08-04,2026-08-04,Deleted 4-Aug — kids’ cupboard cleared out,,
Staple,Powdered sugar,250,g,in,,,,2026-09-23,2026-09-02,23-Sep mega overwrite,,
Staple,Puffed rice,0,g,out,,,,2026-09-02,2026-09-02,2-Sep Bhavya overwrote — smart-list check result (FULL PANTRY overwrite) (Bhavya upload): not on the board (was 50g),,
Staple,Breadcrumbs,0,g,out,,,,2026-09-23,2026-09-02,23-Sep: not in mega overwrite,,
Staple,Bruschetta loaf,0,loaf,out,,,,2026-09-23,2026-09-02,23-Sep: not in mega overwrite,,
Staple,Gobblerite spinach quinoa wraps,0,pc,out,,,,2026-09-23,2026-09-02,23-Sep: not in mega overwrite,,
Staple,Gobblerite beetroot quinoa wraps,0,g,out,,,,2026-09-12,2026-09-03,09-12: -3g B/L kebabs prep,,
Staple,Little Blossom brown rice puffs,0,pack,out,,,,2026-08-04,2026-08-04,Deleted 4-Aug — kids’ cupboard cleared out,,
Staple,Yoga Bar muesli,0,pack,out,,,,2026-08-04,2026-08-04,Deleted 4-Aug — kids’ cupboard cleared out,,
Staple,Lil Miss cookies,0,pack,out,,,,2026-08-04,2026-08-04,Deleted 4-Aug — kids’ cupboard cleared out,,
Staple,Millet pancake mix,0,g,out,,,,2026-09-23,2026-09-02,23-Sep: not in mega overwrite,,2026-08-06
Staple,Japanese seasoning,0,pack,out,,,,2026-08-04,2026-08-04,Not in the 4-Aug mega inventory — cleared to 0 (was 1 pack),,
Staple,Dalia khichdi,0,g,out,,,,2026-09-23,2026-09-02,23-Sep: not in mega overwrite,,
Staple,Whole wheat noodles,300,g,in,,,,2026-09-23,2026-09-02,23-Sep mega overwrite,,
Staple,Chickpea pasta,0,g,out,,,,2026-08-04,2026-08-04,Confirmed gone 4-Aug — removed on operator confirmation,,
Staple,Red masoor pasta,0,g,out,,,,2026-09-02,2026-09-02,2-Sep Bhavya overwrote — smart-list check result (FULL PANTRY overwrite) (Bhavya upload): not on the board (was 200g),,
Grains,Penne pasta,0,g,out,,,,2026-09-23,2026-09-12,23-Sep: not in mega overwrite,,
Staple,Borges mini penne pasta,0,g,out,,,,2026-08-04,2026-08-18,18-Aug: merged/dedup — consolidated into primary row,,
Staple,Yellow moong dal,1250,g,in,,,,2026-09-23,2026-09-02,23-Sep mega overwrite,,
Staple,Green moong,0,g,out,,,,2026-09-02,2026-08-18,2-Sep Bhavya overwrote — smart-list check result (FULL PANTRY overwrite) (Bhavya upload): merged into the single Green moong (whole) row,,
Staple,Moong chilka dal,0,g,out,,,,2026-09-02,2026-09-02,2-Sep Bhavya overwrote — smart-list check result (FULL PANTRY overwrite) (Bhavya upload): not on the board (was 50g),,
Staple,Black moong,0,g,out,,,,2026-09-02,2026-09-02,2-Sep Bhavya overwrote — smart-list check result (FULL PANTRY overwrite) (Bhavya upload): not on the board (was 1000g),,
Staple,Red masoor dal,0,g,out,,,,2026-09-02,2026-09-02,2-Sep Bhavya overwrote — smart-list check result (FULL PANTRY overwrite) (Bhavya upload): not on the board (was 500g),,
Staple,Roasted chana dal (Pro Nature),0,g,out,,,,2026-09-23,2026-09-02,23-Sep: not in mega overwrite,,
Staple,Roasted yellow chana,0,g,out,,,,2026-08-04,2026-08-04,Not in the 4-Aug mega inventory — cleared to 0 (was 200 g),,
Staple,Kala chana,500,g,in,,,,2026-09-23,2026-09-02,23-Sep mega overwrite,,
Staple,White chole,0,g,out,,,,2026-08-04,2026-08-18,2-Sep Bhavya overwrote — smart-list check result (FULL PANTRY overwrite): duplicate shell — the counted value sits on the primary row,,
Staple,Toor dal,500,g,in,,,,2026-09-23,2026-09-02,23-Sep mega overwrite,,
Staple,Black dal,0,g,out,,,,2026-08-04,2026-08-04,Not in the 4-Aug mega inventory — cleared to 0 (was 750 g),,
Staple,Lobia (black-eyed peas),0,g,out,,,,2026-09-23,2026-09-02,23-Sep: not in mega overwrite,,2026-08-06
Staple,Moth beans,150,g,in,,,,2026-09-23,2026-09-02,23-Sep mega overwrite,,
Staple,Chitra rajma,600,g,in,,,,2026-09-23,2026-09-02,23-Sep mega overwrite,,
Staple,Biryani rice (Daawat basmati),0,g,out,,,,2026-09-19,2026-09-03,09-19: -200g L staff rice (4),,
Staple,Quinoa,50,g,in,,,,2026-09-23,2026-08-18,23-Sep mega overwrite,,
Staple,Millet,100,g,in,,,,2026-09-23,2026-09-02,23-Sep mega overwrite,,
Staple,Barley millet,0,g,out,,,,2026-08-04,2026-08-04,Not in the 4-Aug mega inventory — cleared to 0 (was 1000 g),,
Staple,Khapli emmer wheat,0,g,out,,,,2026-09-02,2026-09-02,2-Sep Bhavya overwrote — smart-list check result (FULL PANTRY overwrite) (Bhavya upload): not on the board (was 250g),,
Staple,Aashirvaad multigrain atta,0,g,out,,,,2026-08-04,2026-08-04,Not in the 4-Aug mega inventory — cleared to 0 (was 900 g),,
Staple,Makka atta,500,g,in,,,,2026-09-23,2026-09-02,23-Sep mega overwrite,,
Staple,Sprouted ragi flour,0,g,out,,,,2026-09-23,2026-09-02,23-Sep: not in mega overwrite,,
Staple,Suji,0,g,out,,,,2026-09-02,2026-08-04,2-Sep Bhavya overwrote — smart-list check result (FULL PANTRY overwrite) (Bhavya upload): merged into the single Suji row,,
Staple,Peanut butter,200,g,in,,,,2026-09-23,2026-09-02,23-Sep mega overwrite,,
Staple,Peanut chocolate ladoos,0,g,out,,,,2026-08-08,2026-08-06,L snack ladoo,,2026-08-06
Staple,Pecan nuts,0,g,out,,,,2026-09-23,2026-09-02,23-Sep: not in mega overwrite,,
Staple,Walnuts,0,g,out,,,,2026-09-23,2026-09-02,23-Sep: not in mega overwrite,,
Staple,Brazil nuts,0,g,out,,,,2026-08-04,2026-08-04,Confirmed gone 4-Aug — removed on operator confirmation,,
Staple,Watermelon seeds (raw),0,g,out,,,,2026-09-23,2026-09-07,23-Sep: not in mega overwrite,,
Staple,Prunes,0,g,out,,,,2026-09-02,2026-09-02,2-Sep Bhavya overwrote — smart-list check result (FULL PANTRY overwrite) (Bhavya upload): not on the board (was 100g),,
Staple,Dry red chilli,80,g,in,,,,2026-09-23,2026-09-02,23-Sep mega overwrite,,
Staple,Hungritoes Aloo Popcorn,0,pack,out,,,,2026-08-04,2026-08-04,Deleted 4-Aug — kids’ cupboard cleared out,,
Staple,Hungritoes Corn Cheese Burst,0,pack,out,,,,2026-08-04,2026-08-04,Deleted 4-Aug — kids’ cupboard cleared out,,
Vegetable,English cucumber,0,pc,out,,,,2026-08-13,2026-08-15,15-Aug SAT count: not in physical count -> removed,,2026-08-06
Dairy,Idli/dosa batter,0,ml,out,,,,2026-09-12,2026-09-04,12-Sep perishable overwrite — not in count,,
Vegetable,Rocket leaves (arugula),0,g,out,,,,2026-08-12,2026-08-13,13-Aug count: not in physical count -> removed,,
Vegetable,Iceberg lettuce,0,g,out,,,,2026-09-23,2026-09-12,23-Sep: not in mega overwrite,,
Bread & bakery,Suchali country sourdough loaf,0,loaf,out,,,,2026-08-13,2026-08-15,15-Aug SAT count: not in physical count -> removed,,
Vegetable,Spinach,500,g,in,,,,2026-09-23,2026-08-20,23-Sep order (pre-meal),,
Vegetable,Italian basil,0,g,out,,,,2026-08-04,2026-08-04,Not in the 4-Aug mega inventory — cleared to 0 (was 50 g),,
Vegetable,Ooty beetroot,0,g,out,,,,2026-08-11,2026-08-13,13-Aug count: not in physical count -> removed,,
Vegetable,Haricot beans,0,g,out,,,,2026-08-12,2026-08-13,13-Aug count: not in physical count -> removed,,2026-08-05
Vegetable,White radish,0,pc,out,,,,2026-09-02,2026-09-02,2-Sep Bhavya overwrote — smart-list check result (FULL PANTRY overwrite) (Bhavya upload): not on the board (was 2pc),,
Staple,Poha,150,g,in,,,,2026-09-23,2026-08-04,23-Sep mega overwrite,,
Staple,Rajma masala,50,g,in,,,,2026-09-23,2026-09-02,23-Sep mega overwrite,,
Staple,Kasuri methi,20,g,in,,,,2026-09-23,2026-09-02,23-Sep mega overwrite,,
Staple,Kashmiri chilli powder (Everest),0,g,out,,,,2026-08-04,2026-08-04,2-Sep Bhavya overwrote — smart-list check result (FULL PANTRY overwrite): duplicate shell — the counted value sits on the primary row,,
Vegetable,Parsley,0,g,out,,,1,2026-08-15,2026-08-17,17-Aug after-lunch count: not present,,
Staple,Mangodi,200,g,in,,,1,2026-09-23,2026-09-02,23-Sep mega overwrite,,
Fruit,Dragon fruit,0,pc,out,,,1,2026-09-23,2026-09-12,23-Sep: not in mega overwrite,,2026-08-06
Vegetable,Curly parsley,0,g,out,,,1,2026-08-13,2026-08-15,15-Aug SAT count: not in physical count -> removed,,2026-08-05
Staple,Makhana,200,g,in,,,1,2026-09-23,2026-09-02,23-Sep mega overwrite,,2026-08-05
Condiment,Ghee,1100,ml,in,,,1,2026-09-23,2026-09-23,23-Sep order (pre-meal),,2026-08-05
Dairy,Akshayakalpa milk (tetra 250ml x2),0,ml,out,,,1,2026-08-18,2026-08-20,20-Aug after-lunch count: not present,,2026-08-06
Vegetable,Tricolour capsicum,0,pc,out,,,,2026-08-11,2026-08-11,Not in 11-Aug physical count — zeroed (count-driven),,
Staple,Matta rice,500,g,in,,,,2026-09-23,2026-09-02,23-Sep mega overwrite,,
Pantry,Red lentil spaghetti,150,g,in,,,,2026-09-23,2026-08-13,23-Sep mega overwrite,,
Dairy,Dlecta cheddar cheese,0,g,out,,,,2026-08-17,2026-08-18,18-Aug after-lunch count: not present,,
Meat,Paneer (Akshayakalpa),0,g,out,,,,2026-08-12,2026-08-13,13-Aug count: not in physical count -> removed,,
Vegetable,Green zucchini,0,pc,out,,,,2026-08-13,2026-08-13,13-Aug D masala zucchini -1 (1->0),,
Flours,Quinoa flour,1000,g,in,,,,2026-09-23,2026-09-02,23-Sep mega overwrite,,
Dairy,Feta cheese block,0,g,out,,,,2026-08-13,2026-08-15,15-Aug SAT count: not in physical count -> removed,,
Vegetable,Yellow corn cob,0,pc,out,,,,2026-09-23,2026-09-01,23-Sep: not in mega overwrite,,
Dairy,Akshayakalpa cow milk (tetrapak),0,pc,out,,,,2026-08-15,2026-08-17,17-Aug after-lunch count: not present,,
Dairy,Heritage full cream milk,0,ml,out,,,,2026-08-15,2026-08-17,17-Aug after-lunch count: not present,,
Dairy,Heritage toned milk,0,ml,out,,,,2026-08-15,2026-08-17,17-Aug after-lunch count: not present,,
Dairy,Akshayakalpa milk (500ml),0,ml,out,,,,2026-08-15,2026-08-17,17-Aug after-lunch count: not present,,
Fruit,Bangalore grapes,0,g,out,,,,2026-08-17,2026-08-18,18-Aug after-lunch count: not present,,
Vegetable,Bitter gourd (karela),0,g,out,,,,2026-08-17,2026-08-18,18-Aug after-lunch count: not present,,
Vegetable,Methi leaves,0,g,out,,,,2026-08-17,2026-08-18,18-Aug after-lunch count: not present,,
Nuts & seeds,Almonds,0,g,out,,,,2026-09-23,2026-09-02,23-Sep: not in mega overwrite,,
Nuts & seeds,Nuts mix,0,g,out,,,,2026-09-23,2026-09-02,23-Sep: not in mega overwrite,,
Frozen,Sweet corn (Safal),0,g,out,,,,2026-09-12,2026-09-02,12-Sep perishable overwrite — not in count,,
Frozen,Frozen edamame,0,g,out,,,,2026-09-23,2026-09-12,23-Sep: not in mega overwrite,,
Snacks & misc,Nut seed ladoo,0,pc,out,,,,2026-09-02,2026-09-02,2-Sep Bhavya overwrote — smart-list check result (FULL PANTRY overwrite) (Bhavya upload): not on the board (was 6pc),,
Grains,Ragi whole,1000,g,in,,,,2026-09-23,2026-09-02,23-Sep mega overwrite,,
Staple,Gur,0,g,out,,,,2026-09-23,2026-09-02,23-Sep: not in mega overwrite,,
Dals,Organic white urad whole,0,g,out,,,,2026-09-02,2026-09-02,2-Sep Bhavya overwrote — smart-list check result (FULL PANTRY overwrite) (Bhavya upload): not on the board (was 250g),,
Grains,Vermicelli,0,g,out,,,,2026-09-02,2026-09-02,2-Sep Bhavya overwrote — smart-list check result (FULL PANTRY overwrite) (Bhavya upload): not on the board (was 300g),,
Pantry,Green curry paste,200,g,in,,,,2026-09-23,2026-09-02,23-Sep mega overwrite,,
Fruit,Tender coconut,0,pc,out,,,,2026-08-18,2026-08-20,20-Aug after-lunch count: not present,,
Vegetable,Okra,0,g,out,,,,2026-08-24,2026-08-24,24-Aug Bhavya overwrote — smart-list check result — veg/fruit section overwritten: not in 24-Aug Bhavya overwrote — smart-list check result (veg/fruit count) (was 500g),,
Fruit,Apple,0,pc,out,,,,2026-09-23,2026-09-12,23-Sep: not in mega overwrite,,
Fruit,Passion fruit,4,pc,in,,,,2026-09-23,2026-09-12,23-Sep mega overwrite,,
Dairy,Curd,0,g,out,,,1,2026-09-23,2026-09-12,23-Sep: not in mega overwrite,,
Grains,Ragi atta,0,g,out,,,1,2026-09-23,2026-09-02,23-Sep: not in mega overwrite,,
Grains,Bajra dalia,0,g,out,,,1,2026-09-02,2026-09-02,"2-Sep: duplicate of the existing ""Bajra daliya"" row — value moved there, this row retired",,
Spice,Haldi (turmeric) powder,0,g,out,,,1,2026-09-02,2026-09-02,"2-Sep: duplicate of the existing ""Turmeric powder"" row — value moved there, this row retired",,
Spice,Chilli flakes,100,g,in,,,1,2026-09-23,2026-09-02,23-Sep mega overwrite,,
Staple,Nutritional yeast,0,g,out,,,1,2026-09-23,2026-09-02,23-Sep: not in mega overwrite,,
Spice,Methi seeds,20,g,in,,,1,2026-09-23,2026-09-02,23-Sep mega overwrite,,
Spice,Cumin (jeera) seeds,0,g,out,,,1,2026-09-02,2026-09-02,"2-Sep: duplicate of the existing ""Jeera"" row — value moved there, this row retired",,
Spice,Pepper powder,0,g,out,,,1,2026-09-23,2026-09-02,23-Sep: not in mega overwrite,,
Staple,Whole truth kids drink,0,g,out,,,1,2026-09-23,2026-09-02,23-Sep: not in mega overwrite,,
Staple,Plant protein,0,g,out,,,1,2026-09-23,2026-09-02,23-Sep: not in mega overwrite,,
Dals,"Urad (black, whole)",0,g,out,,,1,2026-09-02,2026-09-02,2-Sep Bhavya overwrote — smart-list check result (FULL PANTRY overwrite): duplicate shell — the counted value sits on the primary row,,
Condiment,Peach wine,0,ml,out,,,1,2026-09-23,2026-09-02,23-Sep: not in mega overwrite,,
Condiment,Sherry vinegar,0,ml,out,,,1,2026-09-23,2026-09-02,23-Sep: not in mega overwrite,,
Condiment,Davide campari,0,ml,out,,,1,2026-09-23,2026-09-02,23-Sep: not in mega overwrite,,
Condiment,Olive oil extra virgin,0,ml,out,,,1,2026-09-02,2026-09-02,"2-Sep: duplicate of the existing ""Extra virgin olive oil"" row — value moved there, this row retired",,
Condiment,Sunflower oil,0,ml,out,,,1,2026-09-23,2026-09-02,23-Sep: not in mega overwrite,,
Condiment,Olive oil borges,0,ml,out,,,1,2026-09-02,2026-09-02,"2-Sep: duplicate of the existing ""Borges olive oil"" row — value moved there, this row retired",,
Staple,Fermented yeast protein,0,g,out,,,1,2026-09-23,2026-09-02,23-Sep: not in mega overwrite,,
Dals,Kaala chana,0,g,out,,,1,2026-09-02,2026-09-02,"2-Sep: duplicate of the existing ""Kala chana"" row — value moved there, this row retired",,
Dals,Kabuli chana,1250,g,in,,,1,2026-09-23,2026-09-12,23-Sep mega overwrite,,
Dals,Arhar dal,0,g,out,,,1,2026-09-23,2026-09-02,23-Sep: not in mega overwrite,,
Bread & bakery,Bruschetta bread,0,loaf,out,,,1,2026-09-02,2026-09-02,2-Sep Bhavya overwrote — smart-list check result (FULL PANTRY overwrite): duplicate shell — the counted value sits on the primary row,,
Grains,Pasta chips,0,g,out,,,1,2026-09-23,2026-09-02,23-Sep: not in mega overwrite,,
Staple,Risotto al limone,0,g,out,,,1,2026-09-23,2026-09-02,23-Sep: not in mega overwrite,,
Grains,Pennette all arrabbiata,0,g,out,,,1,2026-09-23,2026-09-02,23-Sep: not in mega overwrite,,
Condiment,Red curry paste,250,g,in,,,1,2026-09-23,2026-09-02,23-Sep mega overwrite,,
Condiment,Culinary wine,0,ml,out,,,1,2026-09-23,2026-09-02,23-Sep: not in mega overwrite,,
Spice,Shahi biryani masala,0,g,out,,,1,2026-09-23,2026-09-02,23-Sep: not in mega overwrite,,
Spice,Elaichi,0,g,out,,,1,2026-09-02,2026-09-02,"2-Sep: duplicate of the existing ""Cardamom powder"" row — value moved there, this row retired",,
Spice,Fennel seeds,0,g,out,,,1,2026-09-23,2026-09-02,23-Sep: not in mega overwrite,,
Spice,Cinnamon sticks,0,g,out,,,1,2026-09-23,2026-09-02,23-Sep: not in mega overwrite,,
Spice,Star anise,0,g,out,,,1,2026-09-23,2026-09-02,23-Sep: not in mega overwrite,,
Condiment,Vegetarian sauce,0,ml,out,,,1,2026-09-23,2026-09-02,23-Sep: not in mega overwrite,,
Condiment,Veg mayonnaise,0,g,out,,,1,2026-09-23,2026-09-02,23-Sep: not in mega overwrite,,
Grains,Aashirvaad atta,0,g,out,,,1,2026-09-02,2026-09-02,"2-Sep: duplicate of the existing ""Aashirwad atta"" row — value moved there, this row retired",,
Fruit,Anjeer,0,g,out,,,1,2026-09-07,2026-09-07,7-Sep after-lunch veg+fruit overwrite (Bhavya): not in the count (was 100g),,
Staple,Peanut laddu,0,g,out,,,1,2026-09-23,2026-09-02,23-Sep: not in mega overwrite,,
Vegetable,Karela,0,pc,out,,,1,2026-09-14,2026-09-12,09-14: -4pc L staff karela (4),,
Condiment,Tabasco,0,ml,out,,,1,2026-09-23,2026-09-02,23-Sep: not in mega overwrite,,
Dals,"Urad (white, whole)",0,g,out,,,1,2026-09-23,2026-09-02,23-Sep: not in mega overwrite,,
Condiment,Nutella,100,g,in,,,1,2026-09-23,2026-09-02,23-Sep mega overwrite,,
Vegetable,Fresh coconut,1,pc,in,,,1,2026-09-23,2026-09-07,23-Sep mega overwrite,,
Vegetable,Corn cob,0,pc,out,,,1,2026-09-07,2026-09-07,7-Sep after-lunch veg+fruit overwrite (Bhavya): not in the count (was 1pc),,
Frozen,Frozen sweetcorn,0,g,out,,,1,2026-09-12,2026-09-02,12-Sep perishable overwrite — not in count,,
Spice,Gochugaru,0,g,out,,,1,2026-09-23,2026-09-02,23-Sep: not in mega overwrite,,
Grains,Sweet corn dalia,0,g,out,,,1,2026-09-23,2026-09-02,23-Sep: not in mega overwrite,,
Grains,Sweet corn atta,500,g,in,,,1,2026-09-23,2026-09-02,23-Sep mega overwrite,,
Staple,Roasted peanuts,100,g,in,,,1,2026-09-23,2026-09-02,23-Sep mega overwrite,,
Grains,Quinoa seeds,0,g,out,,,1,2026-09-23,2026-09-02,23-Sep: not in mega overwrite,,
Condiment,Tomato sauce,0,g,out,,,1,2026-09-23,2026-09-02,23-Sep: not in mega overwrite,,
Vegetable,Coriander leaves,30,g,in,,,1,2026-09-23,2026-09-07,23-Sep mega overwrite,,
Condiment,Yellow mustard,0,g,out,,,1,2026-09-23,2026-09-02,23-Sep: not in mega overwrite,,
Vegetable,Green capsicum,0,pc,out,,,1,2026-09-19,2026-09-12,09-19: -4pc L Jiya capsicum stir fry,,
Vegetable,Drumsticks,0,pc,out,,,1,2026-09-23,2026-09-12,23-Sep: not in mega overwrite,,
Condiment,Saffola groundnut oil,0,ml,out,,,1,2026-09-23,2026-09-12,23-Sep: not in mega overwrite,,
Spice,Sambhar masala,0,g,out,,,1,2026-09-19,2026-09-12,09-19: -45g B veg sambhar,,
Vegetable,Grated coconut,200,g,in,,,1,2026-09-23,,23-Sep mega overwrite,,
,None,,,,,,,,,,,
Staple,Beetroot & Quinoa wrap,150,g,in,,,1,2026-09-23,,23-Sep mega overwrite,,
Staple,Sourdough bread,1,loaf,in,,,1,2026-09-23,,23-Sep mega overwrite,,
Staple,Whole wheat bread,300,g,in,,,1,2026-09-23,,23-Sep mega overwrite,,
Staple,Black mustard seeds,100,g,in,,,1,2026-09-23,,23-Sep mega overwrite,,
Staple,Daliya khichdi,210,g,in,,,1,2026-09-23,,23-Sep mega overwrite,,
Staple,Bruschetta seasoning mix,50,g,in,,,1,2026-09-23,,23-Sep mega overwrite,,
Staple,10 on 10 Wheat Atta,3500,g,in,,,1,2026-09-23,,23-Sep mega overwrite,,
Staple,Staff bullet rice,5200,g,in,,,1,2026-09-23,,23-Sep mega overwrite,,
Staple,Pasta,100,g,in,,,1,2026-09-23,,23-Sep mega overwrite,,
Staple,Black urad,1500,g,in,,,1,2026-09-23,,23-Sep mega overwrite,,
Staple,White urad dal,200,g,in,,,1,2026-09-23,,23-Sep mega overwrite,,
Staple,Soya chunks,100,g,in,,,1,2026-09-23,,23-Sep mega overwrite,,
Staple,Bay leaves,40,g,in,,,1,2026-09-23,,23-Sep mega overwrite,,
Staple,Lobia,600,g,in,,,1,2026-09-23,,23-Sep mega overwrite,,
Staple,Roasted chana,150,g,in,,,1,2026-09-23,,23-Sep mega overwrite,,
Staple,Oats,500,g,in,,,1,2026-09-23,,23-Sep mega overwrite,,
Staple,Extra virgin olive oil,250,ml,in,,,1,2026-09-23,,23-Sep mega overwrite,,
Staple,Dried mushroom,250,g,in,,,1,2026-09-23,,23-Sep mega overwrite,,
Staple,Onion petal chips,200,g,in,,,1,2026-09-23,,23-Sep mega overwrite,,
Staple,Kashmiri red chilli powder,100,g,in,,,1,2026-09-23,,23-Sep mega overwrite,,
Staple,Turmeric,100,g,in,,,1,2026-09-23,,23-Sep mega overwrite,,
Staple,Aashirvad atta,3000,g,in,,,1,2026-09-23,,23-Sep mega overwrite,,
Staple,Bread crumbs,800,g,in,,,1,2026-09-23,,23-Sep mega overwrite,,
Staple,Green moong whole,500,g,in,,,1,2026-09-23,,23-Sep mega overwrite,,
Staple,Sabut moong,1000,g,in,,,1,2026-09-23,,23-Sep mega overwrite,,
Staple,Whole truth food drink,250,g,in,,,1,2026-09-23,,23-Sep mega overwrite,,
Staple,Capsicum,450,g,in,,,1,2026-09-23,,23-Sep: capsicum 450g,,
Staple,Yeast flakes,30,g,in,,,1,2026-09-23,,23-Sep mega overwrite,,
Staple,Urfa chilli flakes,30,g,in,,,1,2026-09-23,,23-Sep mega overwrite,,
Staple,Oregano,50,g,in,,,1,2026-09-23,,23-Sep mega overwrite,,
Staple,Curry masala,20,g,in,,,1,2026-09-23,,23-Sep mega overwrite,,
Staple,Turmeric latte,20,g,in,,,1,2026-09-23,,23-Sep mega overwrite,,
Staple,Chilli garlic oil,200,g,in,,,1,2026-09-23,,23-Sep mega overwrite,,
Staple,Paprika,20,g,in,,,1,2026-09-23,,23-Sep mega overwrite,,
Staple,Black pepper whole,20,g,in,,,1,2026-09-23,,23-Sep mega overwrite,,
Staple,Mustard seeds,20,g,in,,,1,2026-09-23,,23-Sep mega overwrite,,
Staple,Black sesame,200,g,in,,,1,2026-09-23,,23-Sep mega overwrite,,
Staple,Frozen corn,100,g,in,,,1,2026-09-23,,23-Sep mega overwrite,,
Staple,Gochugaru powder,100,g,in,,,1,2026-09-23,,23-Sep mega overwrite,,
Staple,Sprouted ragi,100,g,in,,,1,2026-09-23,,23-Sep mega overwrite,,
Staple,Pista,100,g,in,,,1,2026-09-23,,23-Sep mega overwrite,,
Staple,Sooji,1500,g,in,,,1,2026-09-23,,23-Sep mega overwrite,,
Staple,Silk tofu,100,g,in,,,1,2026-09-23,,23-Sep mega overwrite,,
Staple,Mint leaves,50,g,in,,,1,2026-09-23,,23-Sep mega overwrite,,
Staple,Sambar masala,150,g,in,,,1,2026-09-23,,23-Sep mega overwrite,,
Staple,Sriracha hot chilli sauce,100,g,in,,,1,2026-09-23,,23-Sep mega overwrite,,
Staple,Mayonnaise,200,g,in,,,1,2026-09-23,,23-Sep mega overwrite,,
Staple,Tabasco pepper sauce,50,g,in,,,1,2026-09-23,,23-Sep mega overwrite,,
Staple,White tahini paste,250,g,in,,,1,2026-09-23,,23-Sep mega overwrite,,
Staple,Dark soya sauce,100,ml,in,,,1,2026-09-23,,23-Sep mega overwrite,,
Staple,Coconut aminos,250,ml,in,,,1,2026-09-23,,23-Sep mega overwrite,,
Staple,Soya sauce,250,ml,in,,,1,2026-09-23,,23-Sep mega overwrite,,
Staple,Vanilla essence,100,ml,in,,,1,2026-09-23,,23-Sep mega overwrite,,
Staple,Biryani masala,30,g,in,,,1,2026-09-23,,23-Sep mega overwrite,,
Staple,Corn flour,50,g,in,,,1,2026-09-23,,23-Sep mega overwrite,,
Staple,Rice wine,1000,ml,in,,,1,2026-09-23,,23-Sep mega overwrite,,
Staple,Custard powder,30,g,in,,,1,2026-09-23,,23-Sep mega overwrite,,
Staple,Mushroom,200,g,in,,,1,2026-09-23,,23-Sep mega overwrite,,
Staple,Amla,250,g,in,,,1,2026-09-23,,23-Sep mega overwrite,,
Staple,Sweet corn daliya,500,g,in,,,1,2026-09-23,,23-Sep mega overwrite,,
Staple,Ragi flour,500,g,in,,,1,2026-09-23,,23-Sep mega overwrite,,
Staple,Almond,150,g,in,,,1,2026-09-23,,23-Sep mega overwrite,,
Staple,Broken walnut,200,g,in,,,1,2026-09-23,,23-Sep mega overwrite,,
Dairy,Bocconcini cheese,250,g,in,,,1,2026-09-23,,23-Sep order (post-meal),,
Dairy,Yogurt Athena,200,g,in,,,1,2026-09-23,,23-Sep order (post-meal),,
Meat,Health on Plant tofu,200,g,in,,,1,2026-09-23,,23-Sep order (post-meal),,
