Rahul & Radhika,,,,,,,,,,,,
Current stock · 3 on record,,,,,,,,,,,,
Category,Item,Quantity,Unit,Status,Est,Verify,Factor,Last checked,Last entered,Note,Expiry,Bought
Fruit,Banana,7,pc,in,,,0.83,2026-09-23,2026-09-18,23-Sep perishable overwrite,,
Vegetable,Beetroot,1,pc,in,,,0.88,2026-09-23,2026-09-19,23-Sep perishable overwrite,,
Vegetable,Brinjal,0,g,out,,,1,2026-09-16,2026-09-12,16-Sep: brinjal removed,,
Vegetable,Carrot,0,pc,out,,,1,2026-09-24,2026-09-21,09-24: -3pc D veggie sticks + roasted,,2026-08-08
Vegetable,Coriander,180,g,in,,,100,2026-09-24,2026-09-21,09-24: -20g L green chutney,,
Vegetable,Curry leaves,0,g,out,,,50,2026-09-23,2026-09-19,23-Sep perishable overwrite,,
Vegetable,Garlic peeled,100,g,in,,,1,2026-09-24,2026-09-21,24-Sep order,,
Vegetable,Ginger,200,g,in,,,1.17,2026-09-23,2026-09-21,23-Sep perishable overwrite,,
Vegetable,Capsicum,0,g,out,,,1.17,2026-09-18,2026-09-18,19-Sep post-meal count (operator),,
Vegetable,Lemon,9,pc,in,,,1,2026-09-23,2026-09-21,23-Sep perishable overwrite,,
Vegetable,Mint,200,g,in,,,100,2026-09-24,2026-09-18,24-Sep order,,
Vegetable,_dup_potato_19,0,g,out,,,1,2026-07-13,2026-06-24,stale duplicate — merged,,
Vegetable,Pumpkin,0,g,out,,,1,2026-09-23,2026-09-22,23-Sep: not in perishable overwrite,,
Vegetable,Yellow capsicum,0,pc,out,,,1,2026-09-24,2026-09-21,09-24: -1pc B bhurji,,
Vegetable,Zucchini,0,g,out,,,1,2026-09-18,2026-09-18,19-Sep post-meal count (operator),,
Bread & bakery,Bread,0,g,out,,,,2026-09-23,2026-09-21,23-Sep: not in perishable overwrite,,2026-08-08
Condiment,Sourdough bread,3,loaf,in,,,,2026-09-18,2026-09-18,22-Sep post-dinner count,,
Beverage,Almond drink,0,ml,out,,,,2026-09-23,2026-09-17,23-Sep perishable overwrite,,
Beverage,Chamomile herb tea,0,pc,out,,,,,2026-06-22,cleared - not in 6-Jul reset baseline,,
Beverage,Cosmopolitan cocktail (Jimmy’s),0,pc,out,,,,,2026-06-22,cleared - not in 6-Jul reset baseline,,
Beverage,Mediterranean tonic (Fever-Tree),0,pc,out,,,,,2026-06-22,cleared - not in 6-Jul reset baseline,,
Beverage,Mixed fruit pouch,0,pc,out,,,,,2026-06-22,cleared - not in 6-Jul reset baseline,,
Beverages,Soda (Kinley),0,ml,out,,,,,2026-06-29,cleared - not in 6-Jul reset baseline,,
Bread & bakery,Sourdough bread (Brik Oven),0,loaf,out,,,,2026-09-14,2026-09-12,09-14: -0.25loaf B Radhika slice,,
Staple,Black garlic caper spread,50,g,in,,,,2026-08-19,2026-08-08,(restored — not garlic),,
Staple,Black garlic miso,50,g,in,,,,2026-08-20,2026-08-08,(restored — not fresh garlic),,
Condiment,Black pitted olives (Borges),0,pc,out,,,,,2026-06-22,cleared - not in 6-Jul reset baseline,,
Condiment,Koji hot sauce,0,pc,out,,,,,2026-06-22,cleared - not in 6-Jul reset baseline,,
Staple,Olive tapenade,0,g,out,,,,2026-08-08,2026-08-08,Not in 8-Aug mega inventory — zeroed,,
Condiment,Puliyogare paste,200,g,in,,,,2026-08-08,2026-08-08,8-Aug FULL mega inventory (complete overwrite),,
Staple,Rose harissa,100,g,in,,,,2026-08-08,2026-08-08,8-Aug FULL mega inventory (complete overwrite),,
Condiment,Sliced jalapeno (Amur),0,pc,out,,,,,2026-06-22,cleared - not in 6-Jul reset baseline,,
Condiment,Sliced red paprika (Neo),0,pc,out,,,,,2026-06-22,cleared - not in 6-Jul reset baseline,,
Condiment,Soy sauce,800,ml,in,,,,2026-09-24,2026-09-18,24-Sep update,,
Condiment,Sriracha hot chilli,0,pc,out,,,,2026-08-08,2026-08-08,Not in 8-Aug mega inventory — zeroed,,
Condiment,Thai chilli paste,0,pc,out,,,,,2026-06-22,cleared - not in 6-Jul reset baseline,,
Staple,Three citrus marmalade,0,g,out,,,,2026-08-08,2026-08-08,Not in 8-Aug mega inventory — zeroed,,
Condiment,Tomato ketchup (Orchard Lane),0,pc,out,,,,,2026-06-22,cleared - not in 6-Jul reset baseline,,
Condiment,Vanilla extract,0,pc,out,,,,,2026-06-22,cleared - not in 6-Jul reset baseline,,
Condiment,Wild forest honey,500,g,in,,,,2026-08-08,2026-08-08,8-Aug FULL mega inventory (complete overwrite),,
Condiment,XO sauce (Meishi),0,pc,out,,,,,2026-06-22,cleared - not in 6-Jul reset baseline,,
Dairy,Mixed berry yogurt,0,g,out,,,,2026-09-23,2026-09-18,23-Sep: not in perishable overwrite,,
Dairy,Epigamia Greek yogurt (natural),0,tub,out,,,,2026-09-01,2026-09-01,1-Sep Bhavya overwrote — smart-list check result: Epigamia greek yogurt removed,,
Dairy,Feta cheese,0,g,out,,,,2026-09-23,2026-09-19,23-Sep: not in perishable overwrite,,
Dairy,Fruit yoghurt cup,0,pc,out,,,,,2026-06-23,cleared - not in 6-Jul reset baseline,,
Dairy,Cream milk,0,ml,out,,,,2026-09-18,2026-09-18,19-Sep post-meal count (operator),,
Dairy,Hummus,0,pc,out,,,,,2026-06-25,cleared - not in 6-Jul reset baseline,,
Dairy,Marmite,0,pc,out,,,,,2026-06-22,cleared - not in 6-Jul reset baseline,,
Dairy,Milk (Heritage full cream),0,L,out,,,,,2026-06-23,cleared - not in 6-Jul reset baseline,,
Dairy,Skyr,400,g,in,,,,2026-09-24,2026-09-18,24-Sep order,,2026-08-06
Dairy,Nandini goodlife milk,4500,ml,in,,,,2026-09-23,2026-09-18,23-Sep perishable overwrite,,
Meat,Malai paneer,0,g,out,,,,2026-09-23,2026-09-21,23-Sep: not in perishable overwrite,,
Dairy,Sauerkraut (Bombucha),0,pc,out,,,,,2026-06-22,cleared - not in 6-Jul reset baseline,,
Dals,Baked beans (American Garden),0,pc,out,,,,2026-08-14,2026-08-14,(order+meal mishit reversed on baked beans),,
Dals,Black-eyed peas (lobia),0,g,out,,,,,2026-06-22,cleared - not in 6-Jul reset baseline,,
Staple,Chana dal,400,g,in,,,,2026-09-18,2026-09-07,09-18: -150g D hariyali chole,,
Dals,Kabuli chana,500,g,in,,,,2026-09-17,2026-09-17,17-Sep: quantity update (operator),,
Dals,Masoor dal,120,g,in,,,,2026-09-18,2026-09-18,21-Sep post-dinner count,,
Dals,Masoor dal (split),0,g,out,,,,2026-08-08,2026-08-08,Not in 8-Aug mega inventory — zeroed,,
Dals,Green moong dal,100,g,in,,,,2026-09-18,2026-09-18,21-Sep post-dinner count,,
Dals,Rajma,120,g,in,,,,2026-09-19,2026-09-17,09-19: -0g D rajma beans,,
Dals,Toor / arhar dal,0,g,out,,,,,2026-06-22,cleared - not in 6-Jul reset baseline,,
Staple,Toor dal,500,g,in,,,,2026-08-08,2026-08-08,8-Aug FULL mega inventory (complete overwrite),,
Meat,Eggs,27,pc,in,,,,2026-09-24,2026-09-21,09-24: -2pc L masala omelette,,
Vegetable,Ash gourd,0,g,out,,,1,2026-07-13,2026-06-10,removed — not in 13-Jul FnV count,,
Vegetable,Baby corn,0,g,out,,,1,2026-09-23,2026-09-19,23-Sep: not in perishable overwrite,,
Vegetable,Bottle gourd,1,pc,in,,,1,2026-09-23,2026-09-22,23-Sep perishable overwrite,,2026-08-08
Vegetable,Broccoli,1,pc,in,,,1,2026-09-24,2026-09-14,24-Sep order,,
Vegetable,Cabbage,1,pc,in,,,1,2026-09-23,2026-09-21,23-Sep perishable overwrite,,
Vegetable,Cauliflower,0,g,out,,,1,2026-09-23,2026-09-21,23-Sep perishable overwrite,,
Staple,American cranberries,100,g,in,,,1,2026-09-18,2026-09-18,23-Sep: moved to staple,,
Staple,Dry coconut,0,g,out,,,1,2026-09-09,2026-09-09,9-Sep: dry coconut removed,,
Vegetable,Green chilli,0,g,out,,,1,2026-09-24,2026-09-19,24-Sep update,,
Vegetable,Okra,0,g,out,,,1,2026-09-23,2026-09-19,23-Sep perishable overwrite,,
Spice,Methi,0,g,out,,,250,2026-09-23,2026-09-18,23-Sep perishable overwrite,,
Meat,Paneer,200,g,in,,,1,2026-09-23,2026-09-18,23-Sep perishable overwrite,,
Vegetable,Papaya,0,g,out,,,1,2026-07-13,2026-06-10,removed — not in 13-Jul FnV count,,
Vegetable,Red cabbage,0,g,out,,,1,2026-08-08,2026-08-08,Not in 8-Aug mega inventory — zeroed,,
Vegetable,Red capsicum,2,pc,in,,,1,2026-09-23,2026-09-21,23-Sep perishable overwrite,,
Vegetable,Romanesco,0,g,out,,,1,2026-07-13,2026-06-10,removed — not in 13-Jul FnV count,,
Vegetable,Spinach,250,g,in,yes,,1,2026-09-24,2026-09-21,24-Sep order,,
Frozen,Frozen sweet corn,100,g,in,,,1,2026-09-23,2026-09-18,23-Sep perishable overwrite,,
Vegetable,Tender coconut (chopped),0,g,out,,,1,2026-07-13,2026-06-10,removed — not in 13-Jul FnV count,,
Freezer,Frozen green beans,0,g,out,,,,,2026-06-23,cleared - not in 6-Jul reset baseline,,
Fruit,Avocado,0,pc,out,,,,2026-09-23,2026-09-19,23-Sep perishable overwrite,,
Dairy,Blueberry yogurt,0,g,out,,,,2026-09-23,2026-09-18,23-Sep: not in perishable overwrite,,
Fruit,Mango,0,pc,out,,,,,2026-06-24,cleared - not in 6-Jul reset baseline,,
Fruit,Pear,0,g,out,,,,2026-08-29,2026-08-29,"29-Aug full Bhavya overwrote — smart-list check result — veg/fruit/meat overwritten, dairy pruned: not in the 29-Aug count (was 130g)",,
Fruit,Walnut,0,pc,out,,,,,2026-06-22,cleared - not in 6-Jul reset baseline,,
Fruit,Watermelon,0,pc,out,,,,2026-08-11,2026-08-15,15-Aug count: not in physical count -> removed,,
Grains,Barnyard millet (samak),0,g,out,,,,,2026-06-22,cleared - not in 6-Jul reset baseline,,
Grains,Besan (Organic Tattva),0,g,out,,,,,2026-06-22,cleared - not in 6-Jul reset baseline,,
Grains,Corn flour (Popular),0,g,out,,,,,2026-06-22,cleared - not in 6-Jul reset baseline,,
Grains,Corn starch (Brown & Polson),0,pc,out,,,,2026-08-08,2026-08-08,Not in 8-Aug mega inventory — zeroed,,
Grains,Foxtail millet,0,g,out,,,,,2026-06-22,cleared - not in 6-Jul reset baseline,,
Grains,Jowar atta,400,g,in,,,,2026-09-09,2026-08-21,09-09: -100g D jowar spinach rotis,,
Grains,Little millet (Satvyk),0,g,out,,,,,2026-06-22,cleared - not in 6-Jul reset baseline,,
Grains,Quinoa,500,g,in,,,,2026-09-23,2026-09-18,23-Sep perishable overwrite,,
Grains,Red matta rice (broken),0,g,out,,verify,,2026-08-12,2026-08-12,12-Aug Wed: L Radhika | 15-Aug: D Skye rice needed 70 but stock 0 — VERIFY,,
Grains,Rice (white),0,g,out,,,,,2026-06-22,cleared - not in 6-Jul reset baseline,,
Grains,Organic rice flour,500,g,in,,,,2026-09-18,2026-09-18,22-Sep post-dinner count,,
Grains,White puttupodi (Double Horse),0,g,out,,,,,2026-06-22,cleared - not in 6-Jul reset baseline,,
Grains & pantry,"Black olives (Borges, pitted)",0,g,out,,,,,2026-06-03,cleared - not in 6-Jul reset baseline,,
Staple,Brazil nuts,220,g,in,,,,2026-09-22,2026-09-22,22-Sep order,,
Staple,Cashews,150,g,in,,,,2026-09-24,2026-09-18,24-Sep order,,
Staple,Chia seeds,70,g,in,,,,2026-09-24,2026-09-18,09-24: -10g B overnight oats,,
Grains & pantry,Flax seeds (Farmley),0,g,out,,,,2026-08-12,2026-08-12,12-Aug Wed: B,,
Grains & pantry,Kala chana (Tata Sampann),0,g,out,,,,2026-08-08,2026-08-08,Not in 8-Aug mega inventory — zeroed,,
Grains & pantry,Matta broken rice (Double Horse),0,g,out,,,,2026-08-08,2026-08-08,Not in 8-Aug mega inventory — zeroed,,
Grains & pantry,Moong dal (24 Mantra organic),340,g,in,,,,2026-09-18,2026-09-14,09-18: -100g B pesarattu dosa,,
Grains & pantry,Moong/Pesarattu chilla batter (iD),0,pc,out,,,,,2026-06-06,cleared - not in 6-Jul reset baseline,,
Grains,Oats,85,g,in,,,,2026-09-24,2026-09-18,09-24: -60g B oats x2,,
Grains & pantry,Rolled oats (Yogabar golden),1200,g,in,,,,2026-09-24,2026-09-01,24-Sep order,,
Meat,Tofu,0,g,out,,,,2026-09-18,2026-09-17,09-18: -200g D baked tandoori tofu,,2026-08-04
Grains & pantry,Tomato paste (Indira’s),0,pc,out,,,,,2026-06-03,cleared - not in 6-Jul reset baseline,,
Grains & pantry,Trail mix (Farmley dry fruits/nuts/seeds),0,g,out,,,,,2026-06-01,cleared - not in 6-Jul reset baseline,,
Household,Dettol liquid handwash,0,pc,out,,,,,2026-06-24,cleared - not in 6-Jul reset baseline,,
Household,Mosquito repellent patches (Mother Sparsh),0,pc,out,,,,,2026-06-10,cleared - not in 6-Jul reset baseline,,
Meat & fish,Canned seafood (Jose Serrats),0,pc,out,,,,,2026-06-22,cleared - not in 6-Jul reset baseline,,
Meat,Chicken,0,g,out,,,,2026-09-23,2026-09-23,23-Sep perishable overwrite,,2026-08-07
Meat,Mutton,0,g,out,,,,2026-09-23,2026-09-16,23-Sep perishable overwrite,,
Staple,Soya chunks,500,g,in,,,,2026-09-07,2026-09-07,7-Sep order (eggs 24+12=36 set),,
Oil,Full Moon ghee (Two Brothers),0,pc,out,,,,,2026-06-22,cleared - not in 6-Jul reset baseline,,
Oil,Mustard oil (Indic Wisdom),0,pc,out,,,,,2026-06-22,cleared - not in 6-Jul reset baseline,,
Oil,Pumpkin-seed oil (Kuerbiskernoel),0,pc,out,,,,,2026-06-22,cleared - not in 6-Jul reset baseline,,
Oil,Sesame oil,20,ml,in,,,,2026-09-24,2026-06-22,24-Sep update,,
Oil,Sunflower oil (Anveshan),1000,ml,in,,,,2026-09-01,2026-09-01,1-Sep order — replaces previous sunflower oil,,
Oils & vinegars,Olive oil (Borges EVOO),0,ml,out,,,,2026-08-22,2026-08-15,22-Aug: removed Borges EVOO (Bhavya),,
Staple,Almonds,50,g,in,,,,2026-09-18,2026-09-18,21-Sep post-dinner count,,
Pantry,Californian prunes (Happilo),0,pc,out,,,,,2026-06-22,cleared - not in 6-Jul reset baseline,,
Pantry,Chilli flakes,47,g,in,,,,2026-08-10,2026-08-10,8-Aug FULL mega inventory (complete overwrite),,
Vegetable,Coconut chunks,0,g,out,,,,2026-09-23,2026-09-21,23-Sep perishable overwrite,,
Pantry,Garlic powder,70,g,in,,,,2026-08-08,2026-08-08,8-Aug FULL mega inventory (complete overwrite),,
Pantry,Grated coconut,0,pc,out,,,,,2026-06-20,cleared - not in 6-Jul reset baseline,,
Pantry,Idli/dosa batter,2300,g,in,,,,2026-09-24,2026-09-19,24-Sep order,,
Pantry,Medjool dates,92,g,in,,,,2026-08-08,2026-08-08,8-Aug FULL mega inventory (complete overwrite),,
Staple,Mixed berries,100,g,in,,,,2026-09-18,2026-09-18,23-Sep: moved to staple,,
Pantry,Olive oil,0,pc,out,,,,,2026-06-20,cleared - not in 6-Jul reset baseline,,
Pantry,Peanut butter (Whole Truth),0,pc,out,,verify,,2026-08-12,2026-08-12,12-Aug Wed: D peanut sauce | 15-Aug: D Skye rice needed 12 but stock 0 — VERIFY,,
Pantry,Sabudana,200,g,in,,,,2026-08-08,2026-08-08,8-Aug FULL mega inventory (complete overwrite),,
Pantry,Salt,1000,g,in,,,,2026-09-09,2026-09-09,9-Sep order (paneer + methi replace prev),,
Pantry,Walnuts,0,g,out,,,,,2026-06-22,cleared - not in 6-Jul reset baseline,,
Pasta,Lasagne (Barilla),0,pc,out,,,,,2026-06-22,cleared - not in 6-Jul reset baseline,,
Pasta,Maccheroni (Barilla),0,pc,out,,,,,2026-06-22,cleared - not in 6-Jul reset baseline,,
Pasta,Orzo (Liguori),0,pc,out,,,,,2026-06-22,cleared - not in 6-Jul reset baseline,,
Pasta,Pasta (assorted),0,pc,out,,,,,2026-06-22,cleared - not in 6-Jul reset baseline,,
Pasta,Red lentil penne (Pink Harvest),120,g,in,,,,2026-09-22,2026-06-22,09-22: -80g D skye pasta,,
Pet,Doggy chicken (pet food),0,pack,out,,,,,2026-06-23,cleared - not in 6-Jul reset baseline,,
Protein,Bassa / pangasius fillet,0,g,out,,,,,2026-06-29,cleared - not in 6-Jul reset baseline,,
Pet,Chicken breast — dog (Zoey),850,g,in,,,,2026-09-14,2026-09-05,14-Sep: merged duplicate Chicken breast — dog (Zoey) rows (pc converted at ~1g) = 850g,,
Protein,Chicken mince / kheema,0,g,out,,,,,2026-07-25,restored (still in stock),,
Snacks,Gobbleright crunchies,0,pc,out,,,,2026-07-14,2026-06-22,cleared - not in 6-Jul reset baseline,,
Staple,Hot chocolate dark (Darkins),210,pc,in,,,,,2026-06-22,(shelf-stable — restored after count sweep; recat Staple),,
Snacks,Jowar puff (Sangam),0,pc,out,,,,,2026-06-22,cleared - not in 6-Jul reset baseline,,
Snacks,Millet cookies (Bunter),0,pc,out,,,,,2026-06-22,cleared - not in 6-Jul reset baseline,,
Snacks,Pretzel knots (Atom Eats),0,pc,out,,,,,2026-06-22,cleared - not in 6-Jul reset baseline,,
Snacks,Ribbon pakoda (Sweet Karam),0,pc,out,,,,,2026-06-22,cleared - not in 6-Jul reset baseline,,
Bread & bakery,Almond wrap,1,pc,in,,,,2026-09-24,2026-09-19,24-Sep update,,
Snacks & misc,GobbleRight beetroot & quinoa wrap,0,wrap,out,,,,2026-09-23,2026-09-09,09-23: -1wrap D skye veggie sticks,,
Snacks & misc,Sandwich bread (Modern Supreme),0,g,out,,,,2026-08-13,2026-08-15,15-Aug: sandwich bread removed per Bhavya,,
Spice,Ajwain (carom seeds),0,g,out,,,,,2026-06-22,cleared - not in 6-Jul reset baseline,,
Spice,Amchur / dry mango (Everest),0,pc,out,,,,,2026-06-22,cleared - not in 6-Jul reset baseline,,
Spice,Basil (Keya),30,g,in,,,,2026-09-22,2026-09-21,09-22: -20g D chicken,,
Spice,Black pepper + rock salt grinder (Keya),0,pc,out,,,,,2026-06-22,cleared - not in 6-Jul reset baseline,,
Spice,Black peppercorns (whole),0,g,out,,,,,2026-06-22,cleared - not in 6-Jul reset baseline,,
Staple,Black salt,200,g,in,,,,2026-08-08,2026-08-08,8-Aug FULL mega inventory (complete overwrite),,
Spice,Black salt grinder (Keya),0,pc,out,,,,,2026-06-22,cleared - not in 6-Jul reset baseline,,
Staple,Black sesame,0,g,out,,,,2026-08-27,2026-08-27,27-Aug: category normalised Spice -> Staple (sesame is a shelf-stable staple),,
Spice,Chana masala (Organic Tattva),0,pc,out,,,,2026-08-08,2026-08-08,Not in 8-Aug mega inventory — zeroed,,
Spice,Chicken masala (Everest),100,g,in,,,,2026-09-19,2026-09-19,09-19: -100g L vietnamese summer rolls,,
Spice,Chutney powder (MTR),0,pc,out,,,,,2026-06-22,cleared - not in 6-Jul reset baseline,,
Spice,Cloves (laung),0,g,out,,,,,2026-06-22,cleared - not in 6-Jul reset baseline,,
Spice,Coarse sea salt (Lucan),0,g,out,,,,,2026-06-22,cleared - not in 6-Jul reset baseline,,
Spice,Coriander seeds (whole),0,g,out,,,,,2026-06-22,cleared - not in 6-Jul reset baseline,,
Spice,Dried herb mix,0,g,out,,,,,2026-06-22,cleared - not in 6-Jul reset baseline,,
Spice,Dried red chilli flakes,0,g,out,,,,,2026-06-22,cleared - not in 6-Jul reset baseline,,
Spice,Dry red chilli (whole),0,g,out,,,,,2026-06-22,cleared - not in 6-Jul reset baseline,,
Spice,ENO (lemon),0,pc,out,,,,,2026-06-22,cleared - not in 6-Jul reset baseline,,
Spice,Fennel seeds (saunf),0,g,out,,,,,2026-06-22,cleared - not in 6-Jul reset baseline,,
Spice,Garam masala,50,g,in,,,,2026-09-13,2026-06-22,13-Sep: garam masala 50g,,
Spice,Green cardamom (whole),0,g,out,,,,,2026-06-22,cleared - not in 6-Jul reset baseline,,
Spice,Herb salt (Zelisna),0,pc,out,,,,,2026-06-22,cleared - not in 6-Jul reset baseline,,
Spice,Hing / asafoetida (VDH),0,pc,out,,,,,2026-06-22,cleared - not in 6-Jul reset baseline,,
Spice,Jaljira (Everest),0,pc,out,,,,,2026-06-22,cleared - not in 6-Jul reset baseline,,
Spice,Kasuri methi (Catch),0,pc,out,,,,2026-08-08,2026-08-08,Not in 8-Aug mega inventory — zeroed,,
Spice,Meat masala (Everest),0,pc,out,,,,2026-08-08,2026-08-08,Not in 8-Aug mega inventory — zeroed,,
Spice,Methi seeds (fenugreek),0,g,out,,,,,2026-06-22,cleared - not in 6-Jul reset baseline,,
Spice,Mustard seeds (whole),0,g,out,,,,,2026-06-22,cleared - not in 6-Jul reset baseline,,
Spice,Parsley grinder,50,g,in,,,,2026-09-21,2026-09-21,21-Sep order,,
Spice,Pav bhaji masala (Everest),0,pc,out,,,,2026-08-08,2026-08-08,Not in 8-Aug mega inventory — zeroed,,
Spice,Pink salt (Aashirvaad),0,g,out,,,,,2026-06-22,cleared - not in 6-Jul reset baseline,,
Spice,Sambar powder,0,g,out,,,,2026-08-08,2026-08-08,Not in 8-Aug mega inventory — zeroed,,
Spice,Sichuan peppercorn (Urban Platter),0,pc,out,,,,,2026-06-22,cleared - not in 6-Jul reset baseline,,
Spice,Sri Lankan cinnamon (Keya),0,pc,out,,,,,2026-06-22,cleared - not in 6-Jul reset baseline,,
Spice,Star anise (whole),0,g,out,,,,,2026-06-22,cleared - not in 6-Jul reset baseline,,
Spice,Stock cubes (Knorr caldo de carne),0,pc,out,,,,,2026-06-22,cleared - not in 6-Jul reset baseline,,
Spice,Sumac (ground sachet),0,pc,out,,,,,2026-06-22,cleared - not in 6-Jul reset baseline,,
Spice,Sumac powder (Urban Platter),0,g,out,,,,,2026-06-22,cleared - not in 6-Jul reset baseline,,
Spice,Sweet paprika (Sphio),0,pc,out,,,,,2026-06-22,cleared - not in 6-Jul reset baseline,,
Spice,Turmeric powder,0,g,out,,,,2026-08-08,2026-08-08,Not in 8-Aug mega inventory — zeroed,,
Staple,Usal misal masala,0,g,out,,,,2026-08-08,2026-08-08,Not in 8-Aug mega inventory — zeroed,,
Staple,White sesame / til,0,g,out,,,,2026-08-27,2026-08-27,27-Aug: category normalised Spice -> Staple (sesame is a shelf-stable staple),,
Spice,Whole spices (Zoff),0,pc,out,,,,,2026-06-22,cleared - not in 6-Jul reset baseline,,
Supplement,Collagen peptides (Isopure),0,pc,out,,,,,2026-06-22,cleared - not in 6-Jul reset baseline,,
Supplement,Creatine (Isopure),0,pc,out,,,,,2026-06-22,cleared - not in 6-Jul reset baseline,,
Supplement,Protein pancake mix (Cosmix),0,pc,out,,,,,2026-06-22,cleared - not in 6-Jul reset baseline,,
Vegetable,Asparagus,0,g,out,,,,2026-09-23,2026-09-22,23-Sep: not in perishable overwrite,,
Vegetable,Baby potato,0,g,out,,,,2026-09-16,2026-09-14,16-Sep: baby potato removed,,
Vegetable,Button mushroom,200,g,in,,,,2026-09-24,2026-09-21,24-Sep order,,
Vegetable,Cherry tomato,0,g,out,,,,2026-09-23,2026-09-21,23-Sep perishable overwrite,,
Vegetable,Cherry tomatoes,0,g,out,,,,2026-07-13,2026-06-24,removed — not in 13-Jul FnV count,,
Vegetable,Dill (sabbasige),0,g,out,,,,2026-08-08,2026-08-08,5-Sep: dill removed,,
Vegetable,Dried flower shiitake,0,g,out,,,,2026-07-13,2026-06-22,removed — not in 13-Jul FnV count,,
Vegetable,Dried shiitake mushroom,0,g,out,,,,2026-07-13,2026-06-22,removed — not in 13-Jul FnV count,,
Vegetable,Dried tea-tree mushroom,0,g,out,,,,2026-07-13,2026-06-22,removed — not in 13-Jul FnV count,,
Vegetable,Mint (pudina),0,g,out,,,,2026-09-12,2026-09-05,12-Sep: removed — not in the perishable count,,
Vegetable,Mushroom,100,g,in,,,,2026-09-23,2026-09-10,23-Sep perishable overwrite,,
Herbs,Parsley,0,g,out,,,,2026-09-12,2026-08-22,12-Sep: removed — not in the R&R count (operator),,
Vegetable,Radish (Bhoomi Farms),250,g,in,,,,2026-09-24,2026-09-09,24-Sep order,,
Vegetable,Arugula,0,g,out,,,,2026-09-23,2026-09-19,23-Sep perishable overwrite,,
Condiment,Apple cider vinegar,20,ml,in,,,,2026-09-24,2026-09-18,24-Sep update,,
Vinegar,Balsamic spray (De Nigris),0,pc,out,,,,,2026-06-22,cleared - not in 6-Jul reset baseline,,
Vinegar,Red wine vinegar (Aceto),0,pc,out,,,,,2026-06-22,cleared - not in 6-Jul reset baseline,,
Condiment,Rice vinegar,0,ml,out,,,,2026-09-19,2026-09-18,09-19: -20ml D coriander rice,,
Total items,,=COUNTA(B5:B294),,,,,,,,,,
In stock,,"=COUNTIF(E5:E294,""in"")",,,,,,,,,,
Grains,Brown rice,0,g,out,,,1,2026-09-24,2026-09-18,09-24: -150g D brown rice,,
Dals,Green moong,120,g,in,,,1,2026-09-17,2026-09-17,17-Sep: quantity update (operator),,
Meat,Fish,0,g,out,yes,,1,2026-09-23,2026-09-16,23-Sep perishable overwrite,,
Vegetable,Sweet corn (frozen),0,g,out,,,1,2026-07-13,2026-06-30,removed — not in 13-Jul FnV count,,
Vegetable,Beans,0,g,out,,,1,2026-09-23,2026-09-19,23-Sep perishable overwrite,,
Dairy,Sid Farms curd,0,g,out,,verify,1,2026-09-19,2026-09-19,16-Sep: removed — not in perishable count,,
Herbs,Coriander (fresh),0,g,out,,,1,2026-07-13,2026-06-30,removed — not in 13-Jul FnV count,,
Vegetable,Peeled garlic,50,g,in,,,1,2026-09-23,2026-09-12,23-Sep perishable overwrite,,
Vegetable,Iceberg lettuce,250,g,in,,,1,2026-09-24,2026-09-12,24-Sep order,,
Meat & fish,Chicken thigh (boneless),0,g,out,yes,,,2026-09-23,2026-09-21,23-Sep: not in perishable overwrite,,
Dairy,Strawberry yogurt,0,g,out,,,,2026-09-23,2026-09-18,23-Sep: not in perishable overwrite,,
Dairy,Coconut milk,0,ml,out,,,,2026-09-23,2026-09-21,23-Sep perishable overwrite,,
Pantry,Olive oil (Borges EV),0,ml,out,,,,2026-08-22,2026-08-08,22-Aug: removed Borges EVOO (Bhavya),,2026-08-04
Fruit,Orange,0,pc,out,,,,2026-09-10,2026-09-10,10-Sep: orange removed,,
Grains,Rice paper,0,pack,out,,,,2026-09-19,2026-09-17,09-19: -1pack L summer rolls,,2026-08-08
Dairy,Cheddar cheese,150,g,in,,,,2026-09-18,2026-09-18,21-Sep post-dinner count,,
Vegetable,Green moong sprouts,0,g,out,,,,2026-07-13,2026-07-21,21-Jul physical — removed (not in order/count),,
Vegetable,Green peas,0,g,out,,,,2026-07-13,2026-08-13,13-Aug: D matar,,
Spice,Black pepper powder (Catch),0,g,out,,,,2026-08-08,2026-08-08,Not in 8-Aug mega inventory — zeroed,,
Grains & pantry,Sona masoori rice (Kurnool),1750,g,in,,,,2026-09-21,2026-08-27,09-21: -150g D masoor dal (3),,
Vegetable,Banana leaf,0,pc,out,,,,2026-07-21,2026-07-22,22-Jul END — removed (not in count),,
Vegetable,Onion,1940,g,in,,,1,2026-09-24,2026-09-18,09-24: -60g B bhurji,,
Vegetable,Potato,6,pc,in,,,1,2026-09-23,2026-09-18,23-Sep perishable overwrite,,2026-08-04
Snacks & misc,Roasted Bengal gram,0,g,out,,,1,2026-08-08,2026-08-08,Not in 8-Aug mega inventory — zeroed,,
Non-food,Toilet roll,0,unit,out,,,1,2026-08-08,2026-08-08,Not in 8-Aug mega inventory — zeroed,,
Fruit,Pomegranate,0,pc,out,,,1,2026-09-23,2026-09-18,23-Sep perishable overwrite,,
Frozen,Frozen peas,200,g,in,,,1,2026-09-23,2026-09-18,23-Sep perishable overwrite,,
Vegetable,Pumpkin (cut),0,g,out,,,1,2026-07-31,2026-07-31,31-Jul Bhavya overwrote — smart-list check result (perishable count) (after all meals) — pumpkin ended,,
Dals,Horse gram (Kulthi),0,g,out,,,1,2026-08-08,2026-08-08,Not in 8-Aug mega inventory — zeroed,,
Protein,Chicken thighs,0,g,out,,,1,2026-07-23,2026-07-23,23-Jul removed/finished,,
Vegetable,Coccinia (ivy gourd),0,g,out,,,1,2026-09-09,2026-09-09,9-Sep: coccinia removed,,
Meat,Salmon,0,g,out,,,1,2026-07-29,2026-07-25,"Named in the 5-Aug plan (needed ~400) but 0 on the board — flagged, not deducted [backfilled 7-Aug]",,
Meat,Basa fish,0,g,out,,,1,2026-09-12,2026-09-09,12-Sep: removed — not in the perishable count,,
Fruit,Apple,1,pc,in,,,1,2026-09-23,2026-09-18,23-Sep perishable overwrite,,
Vegetable,Red radish,0,g,out,,,1,2026-09-09,2026-09-09,9-Sep: radish removed (all),,
Dairy,Ghee,200,ml,in,,,1,2026-09-23,2026-09-22,23-Sep perishable overwrite,,
Vegetable,Green lettuce,0,g,out,,,1,2026-08-08,2026-08-08,Not in 8-Aug mega inventory — zeroed,,
Fruit,Mosambi,0,pc,out,,,1,2026-08-08,2026-08-08,Not in 8-Aug mega inventory — zeroed,,
Staple,Sona masoori rice,0,g,out,,,1,2026-08-08,2026-08-08,Not in 8-Aug mega inventory — zeroed,,2026-08-08
Vegetable,Fresh methi,0,g,out,,,1,2026-08-07,2026-08-03,D Skye methi paratha — all the methi,,
Oils,Borges olive oil (EV),1000,ml,in,,,1,2026-08-29,2026-08-29,"29-Aug order — 1L olive oil, replaces previous",,
Staple,Pecan nuts,50,g,in,,,1,2026-09-18,2026-09-18,22-Sep post-dinner count,,
Staple,GOCHUJANG,100,g,in,,,,2026-08-08,2026-08-08,8-Aug FULL mega inventory (complete overwrite),,
Staple,Puliyogare,0,g,out,,,,2026-08-08,2026-08-08,Not in 8-Aug mega inventory — zeroed,,
Staple,Two Brothers Full Moon ghee,150,ml,in,,,,2026-09-05,2026-09-05,"5-Sep: ghee is Two Brothers (Full Moon), not Akshayakalpa (Bhavya)",,
Staple,Anveshan Sunflower oil,0,ml,out,,,,2026-08-08,2026-08-08,Not in 8-Aug mega inventory — zeroed,,
Staple,Pumpkin seed oil,1000,ml,in,,,,2026-08-08,2026-08-08,8-Aug FULL mega inventory (complete overwrite),,
Staple,Forest honey,0,g,out,,,,2026-08-08,2026-08-08,Not in 8-Aug mega inventory — zeroed,,
Staple,Farm honey,0,ml,out,,,,2026-08-08,2026-08-08,Not in 8-Aug mega inventory — zeroed,,
Staple,Crystallized honey,0,g,out,,,,2026-07-24,2026-07-24,26-Aug: blank quantity normalised to 0,,
Vegetable,Bell pepper (pool),0,g,out,,,,2026-08-29,2026-08-29,"29-Aug full Bhavya overwrote — smart-list check result — veg/fruit/meat overwritten, dairy pruned: not in the 29-Aug count (was 380g)",,
Staple,Snapin Garlic powder,0,g,out,,,,2026-08-08,2026-08-08,Not in 8-Aug mega inventory — zeroed,,
Staple,Keya Basil,0,g,out,,,,2026-08-08,2026-08-08,Not in 8-Aug mega inventory — zeroed,,
Staple,Zahtar,0,g,out,,,,2026-08-08,2026-08-08,Not in 8-Aug mega inventory — zeroed,,
Staple,Parsley seasoning,9,g,in,,,,2026-09-13,2026-08-08,13-Sep: parsley dry seasoning 9g (Staple),,
Staple,Ginger powder,100,g,in,,,,2026-08-08,2026-08-08,8-Aug FULL mega inventory (complete overwrite),,
Staple,Keya red Chili flakes,0,g,out,,,,2026-08-08,2026-08-08,Not in 8-Aug mega inventory — zeroed,,
Staple,Sumac Powder,150,g,in,,,,2026-08-08,2026-08-08,8-Aug FULL mega inventory (complete overwrite),,
Staple,Red Dry Chilly,0,g,out,,,,2026-08-08,2026-08-08,Not in 8-Aug mega inventory — zeroed,,
Staple,Khomli Barbery Grounded,0,g,out,,,,2026-08-08,2026-08-08,Not in 8-Aug mega inventory — zeroed,,
Staple,Pav Bhaji masala,50,g,in,,,,2026-08-08,2026-08-08,8-Aug FULL mega inventory (complete overwrite),,
Staple,Chicken masala,50,g,in,,,,2026-09-19,2026-08-08,09-19: -50g D mexican burrito bowl,,
Staple,Biryani masala,10,g,in,,,,2026-09-05,2026-09-04,09-05: -20g L+D mutton biryani,,
Staple,Jaljira,0,g,out,,,,2026-08-08,2026-08-08,Not in 8-Aug mega inventory — zeroed,,
Staple,Jeera powder,100,g,in,,,,2026-09-14,2026-09-14,14-Sep order,,
Staple,Cumin,0,g,out,,,,2026-08-08,2026-08-08,Not in 8-Aug mega inventory — zeroed,,
Staple,Fennel,0,g,out,,,,2026-08-08,2026-08-08,Not in 8-Aug mega inventory — zeroed,,
Staple,Whole spices,0,g,out,,,,2026-07-24,2026-07-24,26-Aug: blank quantity normalised to 0,,
Staple,Garlic podi,0,g,out,,,,2026-08-08,2026-08-08,Not in 8-Aug mega inventory — zeroed,,
Staple,MTR chutney pudi,0,g,out,,,,2026-08-08,2026-08-08,Not in 8-Aug mega inventory — zeroed,,
Staple,Hema chutney powder,0,g,out,,,,2026-08-08,2026-08-08,Not in 8-Aug mega inventory — zeroed,,
Staple,Pudina chutney mix,0,g,out,,,,2026-08-08,2026-08-08,Not in 8-Aug mega inventory — zeroed,,
Grains,Rice,200,g,in,,,,2026-09-24,2026-09-18,24-Sep update,,
Grains,Kapali whole wheat flour,760,g,in,,,,2026-09-23,2026-09-18,09-23: -80g D skye methi paratha,,
Grains,Jowar flour,500,g,in,,,,2026-09-18,2026-09-18,22-Sep post-dinner count,,
Staple,Sujji (semolina),0,g,out,,,,2026-08-08,2026-08-08,Not in 8-Aug mega inventory — zeroed,,
Staple,Idli rice,100,g,in,,,,2026-09-10,2026-09-10,10-Sep: idli rice 100g (single row),,
Staple,Barley,0,g,out,,,,2026-08-08,2026-08-08,Not in 8-Aug mega inventory — zeroed,,
Staple,Almond flour,0,g,out,,,,2026-07-24,2026-07-24,26-Aug: blank quantity normalised to 0,,
Staple,Red rice broken,0,g,out,,,,2026-08-08,2026-08-08,Not in 8-Aug mega inventory — zeroed,,
Staple,Besan flour,0,g,out,,,,2026-08-08,2026-08-08,Not in 8-Aug mega inventory — zeroed,,
Staple,Dark chocolate oats,0,g,out,,,,2026-08-08,2026-08-08,Not in 8-Aug mega inventory — zeroed,,
Staple,Moong dal,0,g,out,,,,2026-08-08,2026-08-08,Not in 8-Aug mega inventory — zeroed,,
Staple,Brown lentils,0,g,out,,,,2026-08-08,2026-08-08,Not in 8-Aug mega inventory — zeroed,,
Staple,Little millet,0,g,out,,,,2026-08-08,2026-08-08,Not in 8-Aug mega inventory — zeroed,,
Staple,Whole green gram,0,g,out,,,,2026-08-08,2026-08-08,Not in 8-Aug mega inventory — zeroed,,
Staple,Urad dal split,0,g,out,,,,2026-08-08,2026-08-08,Not in 8-Aug mega inventory — zeroed,,
Staple,Whole moth beans,0,g,out,,,,2026-08-08,2026-08-08,Not in 8-Aug mega inventory — zeroed,,
Staple,Black eye peas,0,g,out,,,,2026-08-08,2026-08-08,Not in 8-Aug mega inventory — zeroed,,
Staple,Pearl barley,0,g,out,,,,2026-08-08,2026-08-08,Not in 8-Aug mega inventory — zeroed,,
Staple,Mixed legumes,0,g,out,,,,2026-08-08,2026-08-08,Not in 8-Aug mega inventory — zeroed,,
Staple,Brown chickpeas,0,g,out,,,,2026-08-08,2026-08-08,Not in 8-Aug mega inventory — zeroed,,
Staple,Tapioca pearls (sabudana),0,g,out,,,,2026-08-08,2026-08-08,Not in 8-Aug mega inventory — zeroed,,
Staple,Roasted chana,0,g,out,,,,2026-08-08,2026-08-08,Not in 8-Aug mega inventory — zeroed,,
Staple,Split black gram with skin,0,g,out,,,,2026-08-08,2026-08-08,Not in 8-Aug mega inventory — zeroed,,
Staple,Spaghetti,0,g,out,,,,2026-08-08,2026-08-08,Not in 8-Aug mega inventory — zeroed,,
Staple,Maccheroni,0,g,out,,,,2026-08-08,2026-08-08,Not in 8-Aug mega inventory — zeroed,,
Staple,Red lentil penne,0,g,out,,,,2026-08-08,2026-08-08,Not in 8-Aug mega inventory — zeroed,,
Staple,Red lentil fusilli,0,g,out,,,,2026-08-08,2026-08-08,Not in 8-Aug mega inventory — zeroed,,
Staple,Sweet potato noodles,0,g,out,,,,2026-08-08,2026-08-08,Not in 8-Aug mega inventory — zeroed,,
Staple,Barilla Collezione Lasagne (rice paper),0,g,out,,,,2026-08-08,2026-08-08,Not in 8-Aug mega inventory — zeroed,,
Staple,Koka Tom Yum gluten-free rice fettuccine,0,g,out,,,,2026-07-24,2026-07-24,26-Aug: blank quantity normalised to 0,,
Staple,Sesame seeds,0,g,out,,,,2026-07-24,2026-07-24,26-Aug: quantity was blank (None) not 0 — normalised so numeric checks work,,
Staple,Medjool dates (2 brands),0,g,out,,,,2026-08-08,2026-08-08,Not in 8-Aug mega inventory — zeroed,,
Staple,Trail mix,0,g,out,,,,2026-07-24,2026-07-24,26-Aug: blank quantity normalised to 0,,
Staple,Banana chips,0,EX_?,out,,,,2026-07-24,2026-07-24,26-Aug: blank quantity normalised to 0,,
Staple,Dijon mustard wholegrain,0,g,out,,,,2026-08-08,2026-08-08,Not in 8-Aug mega inventory — zeroed,,
Staple,Red wine vinegar,1000,ml,in,,,,2026-08-08,2026-08-08,8-Aug FULL mega inventory (complete overwrite),,
Staple,Tomato ketchup,0,ml,out,,,,2026-08-08,2026-08-08,Not in 8-Aug mega inventory — zeroed,,
Staple,Fig vinegar cream glaze (Higo),0,ml,out,,,,2026-08-08,2026-08-08,Not in 8-Aug mega inventory — zeroed,,
Staple,Blue Tokai coffee,180,g,in,,,,2026-08-10,2026-08-10,8-Aug FULL mega inventory (complete overwrite),,
Staple,Arabica coffee,50,g,in,,,,2026-08-08,2026-08-08,8-Aug FULL mega inventory (complete overwrite),,
Staple,Vietnamese coffee,0,g,out,,,,2026-07-24,2026-07-24,26-Aug: blank quantity normalised to 0,,
Staple,Hot chocolate mix,421,g,in,,,,2026-08-08,2026-08-08,8-Aug FULL mega inventory (complete overwrite),,
Staple,Indonesian coffee,0,box,out,,,,2026-08-08,2026-08-08,Not in 8-Aug mega inventory — zeroed,,
Staple,Hot chocolate original,0,g,out,,,,2026-08-08,2026-08-08,Not in 8-Aug mega inventory — zeroed,,
Staple,Darjeeling tea,100,g,in,,,,2026-07-24,2026-07-24,(shelf-stable — restored after count sweep; recat Staple),,
Staple,Chamomile tea,0,bottle,out,,,,2026-08-08,2026-08-08,Not in 8-Aug mega inventory — zeroed,,
Staple,Lemongrass Ginger Turmeric tea,10,g,in,,,,2026-08-08,2026-08-08,11-Sep: restored — order had wrongly landed here,,
Staple,Spearmint tea,9,g,in,,,,2026-07-24,2026-07-24,(shelf-stable — restored after count sweep; recat Staple),,
Staple,White tea,0,g,out,,,,2026-07-24,2026-07-24,26-Aug: blank quantity normalised to 0,,
Staple,Baking powder,400,g,in,,,,2026-08-08,2026-08-08,8-Aug FULL mega inventory (complete overwrite),,
Staple,Pancake mix,0,g,out,,,,2026-08-08,2026-08-08,Not in 8-Aug mega inventory — zeroed,,
Staple,Oat and wheat pancake mix,0,g,out,,,,2026-08-08,2026-08-08,Not in 8-Aug mega inventory — zeroed,,
Staple,Electrolytes,0,g,out,,,,2026-08-08,2026-08-08,Not in 8-Aug mega inventory — zeroed,,
Staple,Eno,0,g,out,,,,2026-08-08,2026-08-08,Not in 8-Aug mega inventory — zeroed,,
Staple,Samahan,15,g,in,,,,2026-07-24,2026-07-24,(shelf-stable — restored after count sweep; recat Staple),,
Staple,Isopure,0,EX_?,out,,,,2026-07-24,2026-07-24,26-Aug: blank quantity normalised to 0,,
Staple,Peanut butter,245,g,in,,,,2026-09-19,2026-09-04,09-19: -20g L peanut sauce,,
Staple,Dark chocolate peanut butter,0,bottle,out,,,,2026-08-08,2026-08-08,Not in 8-Aug mega inventory — zeroed,,
Staple,Dried flower shiitake mushrooms,0,g,out,,,,2026-08-08,2026-08-08,Not in 8-Aug mega inventory — zeroed,,
Staple,Dried Garcinia Indica (kokum),0,g,out,,,,2026-08-08,2026-08-08,Not in 8-Aug mega inventory — zeroed,,
Staple,Groundnuts,0,g,out,,,,2026-08-08,2026-08-08,Not in 8-Aug mega inventory — zeroed,,
Staple,Tamarind,200,g,in,,,,2026-08-08,2026-08-08,8-Aug FULL mega inventory (complete overwrite),,
Staple,Dried shiitake mushrooms,0,g,out,,,,2026-08-08,2026-08-08,Not in 8-Aug mega inventory — zeroed,,
Staple,Seaweed sheets,0,g,out,,,,2026-08-08,2026-08-08,Not in 8-Aug mega inventory — zeroed,,
Staple,Barbeque instant popcorn,0,g,out,,,,2026-08-08,2026-08-08,Not in 8-Aug mega inventory — zeroed,,
Staple,Original taco seasoning,0,g,out,,,,2026-08-08,2026-08-08,Not in 8-Aug mega inventory — zeroed,,
Staple,Baked beans,0,g,out,,,,2026-08-08,2026-08-08,Not in 8-Aug mega inventory — zeroed,,
Staple,Borges black pitted olives,0,g,out,,,,2026-08-08,2026-08-08,Not in 8-Aug mega inventory — zeroed,,
Staple,Ginger garlic paste,0,g,out,,,,2026-08-08,2026-08-08,Not in 8-Aug mega inventory — zeroed,,
Staple,Tomato paste,50,g,in,,,,2026-09-16,2026-09-09,09-16: -150g B shakshuka,,2026-08-04
Staple,Vanilla bean,0,g,out,,,,2026-08-08,2026-08-08,Not in 8-Aug mega inventory — zeroed,,
Staple,Huy Fong Sriracha hot chili sauce,0,g,out,,,,2026-08-08,2026-08-08,Not in 8-Aug mega inventory — zeroed,,
Staple,Red curry paste,1,packet,in,,,,2026-08-08,2026-08-08,8-Aug FULL mega inventory (complete overwrite),,
Staple,Hot Koji sauce,0,g,out,,,,2026-08-08,2026-08-08,Not in 8-Aug mega inventory — zeroed,,
Staple,Knorr Caldo de Carne,24,cube,in,,,,2026-08-08,2026-08-08,8-Aug FULL mega inventory (complete overwrite),,
Staple,Malabar tamarind,0,g,out,,,,2026-08-08,2026-08-08,Not in 8-Aug mega inventory — zeroed,,
Staple,Chiroti rava,0,g,out,,,,2026-08-08,2026-08-08,Not in 8-Aug mega inventory — zeroed,,
Staple,Arabica coffee (2),0,g,out,,,,2026-08-08,2026-08-08,Not in 8-Aug mega inventory — zeroed,,
Staple,Red paprika sliced,0,g,out,,,,2026-08-08,2026-08-08,Not in 8-Aug mega inventory — zeroed,,
Staple,Sliced green jalapeno,0,g,out,,,,2026-08-08,2026-08-08,Not in 8-Aug mega inventory — zeroed,,
Staple,Meat masala,50,g,in,,,,2026-08-08,2026-08-08,8-Aug FULL mega inventory (complete overwrite),,
Staple,Chana masala,50,g,in,,,,2026-08-08,2026-08-08,8-Aug FULL mega inventory (complete overwrite),,
Staple,Cornstarch,100,g,in,,,,2026-08-08,2026-08-08,8-Aug FULL mega inventory (complete overwrite),,
Staple,Kasuri methi,26,g,in,,,,2026-09-12,2026-08-08,"12-Sep: restored — this is a shelf-stable spice/staple, not a fresh herb (only fresh methi/rosemary/parsley were meant to go)",,
Staple,Sauerkraut original,0,g,out,,,,2026-08-08,2026-08-08,Not in 8-Aug mega inventory — zeroed,,
Staple,Soup sauteed vegetables,0,g,out,,,,2026-08-08,2026-08-08,Not in 8-Aug mega inventory — zeroed,,
Staple,Red chilli powder,0,g,out,,,,2026-08-08,2026-08-08,Not in 8-Aug mega inventory — zeroed,,
Staple,Chilli seed powder,0,g,out,,,,2026-08-08,2026-08-08,Not in 8-Aug mega inventory — zeroed,,
Staple,Black til (sesame),0,g,out,,,,2026-08-08,2026-08-08,Not in 8-Aug mega inventory — zeroed,,
Staple,Cinnamon,0,g,out,,,,2026-08-08,2026-08-08,Not in 8-Aug mega inventory — zeroed,,
Staple,Italian mix,0,g,out,,,,2026-08-08,2026-08-08,Not in 8-Aug mega inventory — zeroed,,
Staple,Jerk seasoning,70,g,in,,,,2026-08-08,2026-08-08,8-Aug FULL mega inventory (complete overwrite),,
Staple,White puttu podi flour,0,g,out,,,,2026-08-08,2026-08-08,Not in 8-Aug mega inventory — zeroed,,
Staple,Aashirvaad pink salt,0,g,out,,,,2026-08-08,2026-08-08,Not in 8-Aug mega inventory — zeroed,,
Staple,Appam idiyappam mix,0,g,out,,,,2026-08-08,2026-08-08,Not in 8-Aug mega inventory — zeroed,,
Staple,10 on 10 jowar atta,0,g,out,,,,2026-08-08,2026-08-08,Not in 8-Aug mega inventory — zeroed,,
Staple,Sesame oil BNB,0,ml,out,,,,2026-08-08,2026-08-08,Not in 8-Aug mega inventory — zeroed,,
Staple,De Nigris Senza Caramello vinegar,0,ml,out,,,,2026-08-08,2026-08-08,Not in 8-Aug mega inventory — zeroed,,
Staple,Peanuts,100,g,in,,,,2026-09-18,2026-09-18,18-Sep count (operator),,
Staple,Roasted seeds mix,400,g,in,,,,2026-09-16,2026-09-16,16-Sep order,,
Fruit,Indian plum,0,pc,out,,,,2026-08-08,2026-08-08,Not in 8-Aug mega inventory — zeroed,,
Vegetable,Sambar veg combo,0,combo,out,,,,2026-07-31,2026-07-31,31-Jul Bhavya overwrote — smart-list check result (perishable count) (after all meals) — sambhar combo ended,,
Vegetable,English cucumber,499,g,in,,,,2026-09-24,2026-08-22,09-24: -1g B cucumber slices,,
Fruit,Cherry (imported),0,g,out,,,,2026-08-08,2026-08-08,Not in 8-Aug mega inventory — zeroed,,
Staple,Shakthi fish masala,0,g,out,,,,2026-08-08,2026-08-08,Not in 8-Aug mega inventory — zeroed,,
Staple,Achi fish curry masala,0,g,out,,,,2026-08-08,2026-08-08,Not in 8-Aug mega inventory — zeroed,,
Meat,Catla fish,0,g,out,,,,2026-08-07,2026-08-07,7-Aug: catla cleared — no catla meal on record since the 30-Jul order; treated as used/gone.,,
Vegetable,Bok choy,1,pc,in,,,1,2026-09-23,2026-09-19,23-Sep perishable overwrite,,
Staple,Mixed dal,700,g,in,,,1,2026-08-08,2026-08-08,8-Aug FULL mega inventory (complete overwrite),,
Dairy,Amul butter,100,g,in,,,1,2026-09-23,2026-09-18,23-Sep perishable overwrite,,
Herbs,Rosemary (fresh),0,g,out,,,1,2026-09-12,2026-09-05,12-Sep: removed — not in the R&R count (operator),,
Vegetable,Rocket leaves (arugula),0,g,out,,,1,2026-08-08,2026-08-08,Not in 8-Aug mega inventory — zeroed,,
Vegetable,Celery,0,g,out,,,1,2026-08-17,2026-08-22,22-Aug overwrite: not present,,
Fruit,Dragon fruit (red flesh),0,pc,out,,,1,2026-08-08,2026-08-08,Not in 8-Aug mega inventory — zeroed,,
Dairy,Epigamia Greek yogurt (no added sugar),0,g,out,,,1,2026-09-01,2026-09-01,1-Sep Bhavya overwrote — smart-list check result: Epigamia greek yogurt removed (was 170g),,
Protein,"Chicken (fresh, 3 packs)",0,pack,out,,,1,2026-09-02,2026-08-07,2-Sep: CONFIRMED present (Bhavya) — verify flag cleared,,2026-08-04
Bread & bakery,Modern white bread,0,g,out,,,1,2026-08-08,2026-08-08,Not in 8-Aug mega inventory — zeroed,,2026-08-04
Beverage,Taj Mahal tea (sample),0,g,out,,,1,2026-08-08,2026-08-08,Not in 8-Aug mega inventory — zeroed,,2026-08-04
Staple,Makhana (black salt roasted),0,g,out,,,1,2026-08-08,2026-08-08,Not in 8-Aug mega inventory — zeroed,,2026-08-04
Staple,Makhana (cream & onion),0,g,out,,,1,2026-08-08,2026-08-08,Not in 8-Aug mega inventory — zeroed,,2026-08-04
Frozen,Frozen edamame,0,g,out,,,1,2026-09-23,2026-09-18,23-Sep: not in perishable overwrite,,2026-08-08
Staple,Zoey chicken (dog),0,pack,out,,,1,2026-08-08,2026-08-08,Not in 8-Aug mega inventory — zeroed,,2026-08-08
Meat & fish,Chicken (fresh),0,g,out,,,1,2026-09-02,2026-08-08,2-Sep: CONFIRMED present (Bhavya) — verify flag cleared,,2026-08-07
Dairy,Full cream milk (Heritage),0,ml,out,,,1,2026-09-23,2026-09-21,23-Sep: not in perishable overwrite,,2026-08-08
Fruit,Blueberries,0,g,out,,,1,2026-09-23,2026-09-18,23-Sep perishable overwrite,,
Fruit,Green apple,1,pc,in,,,1,2026-09-23,2026-09-18,23-Sep perishable overwrite,,
Condiment,Original sauerkraut,400,g,in,,,1,2026-08-08,2026-08-08,8-Aug FULL mega inventory (complete overwrite) — NEW,,
Condiment,Yeast extract,100,g,in,,,1,2026-08-08,2026-08-08,8-Aug FULL mega inventory (complete overwrite) — NEW,,
Staple,Soup sauteed vegetable,200,g,in,,,1,2026-08-08,2026-08-08,8-Aug FULL mega inventory (complete overwrite) — NEW,,
Nuts,Fareeda dry fruits,60,g,in,,,1,2026-08-08,2026-08-08,8-Aug FULL mega inventory (complete overwrite) — NEW,,
Staple,Baron Hasselhoff's chocolate,2,pc,in,,,1,2026-08-11,2026-08-11,10-Aug order 2pc (was missing from board),,
Dairy,Butter (unsalted),100,g,in,,,1,2026-09-23,2026-09-18,23-Sep perishable overwrite,,
Spice,Jaljira powder,50,g,in,,,1,2026-08-08,2026-08-08,8-Aug FULL mega inventory (complete overwrite) — NEW,,
Spice,Dry mango powder (amchur),50,g,in,,,1,2026-08-08,2026-08-08,8-Aug FULL mega inventory (complete overwrite) — NEW,,
Condiment,Dijon whole grain mustard,100,g,in,,,1,2026-08-08,2026-08-08,8-Aug FULL mega inventory (complete overwrite) — NEW,,
Condiment,Three Citrus Maram Malai,50,g,in,,,1,2026-08-08,2026-08-08,8-Aug FULL mega inventory (complete overwrite) — NEW,,
Condiment,Paprika powder,5,g,in,,,1,2026-09-10,2026-09-10,10-Sep: paprika powder 5g,,
Condiment,Wasabi,50,g,in,,,1,2026-08-08,2026-08-08,8-Aug FULL mega inventory (complete overwrite) — NEW,,
Condiment,Smoked honey,20,g,in,,,1,2026-08-08,2026-08-08,8-Aug FULL mega inventory (complete overwrite) — NEW,,
Condiment,Hot honey,50,g,in,,,1,2026-08-08,2026-08-08,8-Aug FULL mega inventory (complete overwrite) — NEW,,
Condiment,Almond syrup,20,g,in,,,1,2026-08-08,2026-08-08,8-Aug FULL mega inventory (complete overwrite) — NEW,,
Condiment,Vanilla flavor,50,g,in,,,1,2026-08-08,2026-08-08,8-Aug FULL mega inventory (complete overwrite) — NEW,,
Condiment,Vanilla essence,100,g,in,,,1,2026-08-08,2026-08-08,8-Aug FULL mega inventory (complete overwrite) — NEW,,
Condiment,Strawberry jam,50,g,in,,,1,2026-08-08,2026-08-08,8-Aug FULL mega inventory (complete overwrite) — NEW,,
Condiment,Chocolate spread,50,g,in,,,1,2026-08-08,2026-08-08,8-Aug FULL mega inventory (complete overwrite) — NEW,,
Condiment,Thai chili paste,50,g,in,,,1,2026-08-08,2026-08-08,8-Aug FULL mega inventory (complete overwrite) — NEW,,
Condiment,Oriental Gourmet XO sauce,50,g,in,,,1,2026-08-08,2026-08-08,8-Aug FULL mega inventory (complete overwrite) — NEW,,
Condiment,Higo sauce,100,g,in,,,1,2026-08-08,2026-08-08,8-Aug FULL mega inventory (complete overwrite) — NEW,,
Condiment,Tabasco sauce,0,ml,out,,,1,2026-08-22,2026-08-22,22-Aug: TABASCO OVER (Bhavya),,
Condiment,Organic tomato ketchup,100,g,in,,,1,2026-08-08,2026-08-08,8-Aug FULL mega inventory (complete overwrite) — NEW,,
Condiment,Sriracha sauce,50,ml,in,,,1,2026-08-08,2026-08-08,8-Aug FULL mega inventory (complete overwrite) — NEW,,
Condiment,Kikkoman soy sauce,460,ml,in,,,1,2026-09-19,2026-09-04,09-19: -10ml L edamame,,
Condiment,Pomegranate molasses,190,g,in,,,1,2026-08-08,2026-08-15,15-Aug: L fattoush dressing -10,,
Dairy,"Parmesan cheese, grated",0,g,out,,,1,2026-08-08,2026-08-15,15-Aug count: not in physical count -> removed,,
Staple,Hershey's cocoa powder,0,g,out,,,1,2026-08-17,2026-08-08,8-Aug FULL mega inventory (complete overwrite) — NEW,,
Staple,Darkins Indian Artisan Hot Chocolate (Dark),210,g,in,,,1,2026-08-08,2026-08-15,(shelf-stable — restored after count sweep; recat Staple),,
Staple,Haart Hot Chocolate (Original),364,g,in,,,1,2026-08-08,2026-08-15,(shelf-stable — restored after count sweep; recat Staple),,
Grains & pulses,Pancake mix (vanilla),200,g,in,,,1,2026-08-08,2026-08-08,8-Aug FULL mega inventory (complete overwrite) — NEW,,
Grains & pulses,Crumcraft Oats & Wheat Pancake Mix,78,g,in,,,1,2026-08-08,2026-08-08,8-Aug FULL mega inventory (complete overwrite) — NEW,,
Spice,Vanilla beans,1,strip,in,,,1,2026-08-08,2026-08-08,8-Aug FULL mega inventory (complete overwrite) — NEW,,
Grains & pulses,Crumb Craft,50,g,in,,,1,2026-08-08,2026-08-08,8-Aug FULL mega inventory (complete overwrite) — NEW,,
Condiment,Vankaya Original Singapore Taste,100,g,in,,,1,2026-08-08,2026-08-08,8-Aug FULL mega inventory (complete overwrite) — NEW,,
Spice,Garlic podi powder,75,g,in,,,1,2026-08-08,2026-08-08,8-Aug FULL mega inventory (complete overwrite) — NEW,,
Spice,Black seeds (kalonji),30,g,in,,,1,2026-08-08,2026-08-08,8-Aug FULL mega inventory (complete overwrite) — NEW,,
Staple,Camellia Bayleaf Orange Tea,10,pc,in,,,1,2026-09-03,2026-09-03,3-Sep Bhavya overwrote — smart-list check result: restored — the orange update had wrongly landed on this ORANGE TEA row,,
Staple,Blue Tea Spearmint Tea,9,packet,in,,,1,2026-08-10,2026-08-15,(shelf-stable — restored after count sweep; recat Staple),,
Staple,Twinings Lemon & Ginger Infusion Tea,1,box,in,,,1,2026-08-08,2026-08-15,(shelf-stable — restored after count sweep; recat Staple),,
Staple,Twinings Earl Grey Tea,1,box,in,,,1,2026-08-08,2026-08-15,(shelf-stable — restored after count sweep; recat Staple),,
Staple,Flurry Camellia Tea,1,box,in,,,1,2026-08-08,2026-08-15,(shelf-stable — restored after count sweep; recat Staple),,
Staple,Camellia White Tea,300,g,in,,,1,2026-08-08,2026-08-15,(shelf-stable — restored after count sweep; recat Staple),,
Staple,Samahan Tea Mix,15,sachet,in,,,1,2026-08-08,2026-08-15,(shelf-stable — restored after count sweep; recat Staple),,
Staple,Darjeeling Black Tea,100,g,in,,,1,2026-08-08,2026-08-15,(shelf-stable — restored after count sweep; recat Staple),,
Frozen,Safal frozen peas,300,g,in,,,1,2026-09-23,2026-09-18,23-Sep: restored (operator),,
Frozen,Safal sweet corn,0,g,out,,,1,2026-09-16,2026-09-12,16-Sep: removed — not in perishable count,,
Frozen,Safal green peas,0,g,out,,,1,2026-08-08,2026-08-22,22-Aug overwrite: not present,,
Meat,Chicken thigh,0,packet,out,,,1,2026-08-10,2026-08-10,PHANTOM removed 11-Aug — not in cart (fabricated),,
Grains & pulses,Organic little millet,1000,g,in,,,1,2026-08-08,2026-08-08,8-Aug FULL mega inventory (complete overwrite) — NEW,,
Dals,Moth dal,300,g,in,,,1,2026-08-08,2026-08-08,8-Aug FULL mega inventory (complete overwrite) — NEW,,
Dals,Lobia,300,g,in,,,1,2026-08-08,2026-08-08,8-Aug FULL mega inventory (complete overwrite) — NEW,,
Dals,Chole,0,g,out,,,1,2026-09-04,2026-09-03,4-Sep: -50g L pepper chole bhature,,
Dals,Kala chana,300,g,in,,,1,2026-08-08,2026-08-08,8-Aug FULL mega inventory (complete overwrite) — NEW,,
Bread & bakery,Sardo bread,0,g,out,,,1,2026-08-10,2026-08-15,15-Aug count: not in physical count -> removed,,
Staple,Black pitted olives,200,g,in,,,1,2026-08-08,2026-08-08,8-Aug FULL mega inventory (complete overwrite) — NEW,,
Staple,Cat food,4100,g,in,,,1,2026-09-16,2026-09-16,16-Sep order,,
Dairy,Oat milk,500,ml,in,,,1,2026-09-24,2026-09-18,24-Sep update,,
Staple,Strong soda,640,ml,in,,,1,2026-08-11,2026-08-15,(shelf-stable — restored after count sweep; recat Staple),,
Staple,Dark chocolate,300,g,in,,,1,2026-08-08,2026-08-08,8-Aug FULL mega inventory (complete overwrite) — NEW,,
Spice,Peppercorn,20,g,in,,,1,2026-08-08,2026-08-08,8-Aug FULL mega inventory (complete overwrite) — NEW,,
Spice,Basil powder,0,g,out,,,1,2026-09-08,2026-08-08,09-08: -20g D tomato basil chicken,,
Spice,Black pepper salt grinder,75,g,in,,,1,2026-09-04,2026-08-08,4-Sep: -10g L pepper chole,,
Spice,Black pepper powder,70,g,in,,,1,2026-08-08,2026-08-08,8-Aug FULL mega inventory (complete overwrite) — NEW,,
Spice,Italian mix seasoning,20,g,in,,,1,2026-08-08,2026-08-08,8-Aug FULL mega inventory (complete overwrite) — NEW,,
Condiment,Dry chutney bhel,200,g,in,,,1,2026-08-08,2026-08-08,8-Aug FULL mega inventory (complete overwrite) — NEW,,
Dairy,Two Brothers cultured,0,g,out,,,1,2026-08-11,2026-08-15,15-Aug count: not in physical count -> removed,,
Staple,Extra virgin olive oil,400,ml,in,,,1,2026-08-22,2026-08-22,22-Aug: EVOO 400ml (Bhavya),,
Staple,Mustard oil,1000,ml,in,,,1,2026-08-08,2026-08-08,8-Aug FULL mega inventory (complete overwrite) — NEW,,
Spice,Dried red chilli,100,g,in,,,1,2026-08-08,2026-08-08,8-Aug FULL mega inventory (complete overwrite) — NEW,,
Spice,Mustard seeds,100,g,in,,,1,2026-08-08,2026-08-08,8-Aug FULL mega inventory (complete overwrite) — NEW,,
Staple,White til (sesame),50,g,in,,,1,2026-08-27,2026-08-27,27-Aug: category normalised Nuts -> Staple (sesame is a shelf-stable staple),,
Spice,Tej patta,40,g,in,,,1,2026-08-08,2026-08-08,8-Aug FULL mega inventory (complete overwrite) — NEW,,
Spice,Fenugreek seeds,50,g,in,,,1,2026-08-08,2026-08-08,8-Aug FULL mega inventory (complete overwrite) — NEW,,
Spice,Sambhar powder,50,g,in,,,1,2026-08-08,2026-08-08,8-Aug FULL mega inventory (complete overwrite) — NEW,,
Staple,Black til (black sesame),100,g,in,,,1,2026-08-27,2026-08-27,27-Aug: category normalised Nuts -> Staple (sesame is a shelf-stable staple),,
Spice,Coriander seeds,74,g,in,,,1,2026-08-08,2026-08-08,8-Aug FULL mega inventory (complete overwrite) — NEW,,
Spice,Fish fry masala,0,g,out,,,1,2026-09-24,2026-08-08,09-24: -50g D coriander basa,,
Spice,Fish curry masala,50,g,in,,,1,2026-08-08,2026-08-08,8-Aug FULL mega inventory (complete overwrite) — NEW,,
Spice,Kashmiri red chilli,40,g,in,,,1,2026-08-08,2026-08-08,8-Aug FULL mega inventory (complete overwrite) — NEW,,
Spice,Cinnamon sticks,34,g,in,,,1,2026-08-08,2026-08-08,8-Aug FULL mega inventory (complete overwrite) — NEW,,
Spice,Usal masala,120,g,in,,,1,2026-08-08,2026-08-08,8-Aug FULL mega inventory (complete overwrite) — NEW,,
Spice,Khada masala,20,g,in,,,1,2026-08-08,2026-08-08,8-Aug FULL mega inventory (complete overwrite) — NEW,,
Spice,Turmeric,200,g,in,,,1,2026-08-08,2026-08-08,8-Aug FULL mega inventory (complete overwrite) — NEW,,
Spice,Pink salt,400,g,in,,,1,2026-08-08,2026-08-08,8-Aug FULL mega inventory (complete overwrite) — NEW,,
Spice,Cumin powder,0,g,out,,,1,2026-09-10,2026-09-10,10-Sep: cumin powder removed (=jeera),,
Grains,Wheat atta,3000,g,in,,,1,2026-09-18,2026-09-18,22-Sep post-dinner count,,
Grains & pulses,White puttu podi,500,g,in,,,1,2026-08-08,2026-08-08,8-Aug FULL mega inventory (complete overwrite) — NEW,,
Grains,Organic jowar flour,300,g,in,,,1,2026-08-08,2026-08-08,8-Aug FULL mega inventory (complete overwrite) — NEW,,
Staple,Bread crisps,100,g,in,,,1,2026-08-08,2026-08-08,8-Aug FULL mega inventory (complete overwrite) — NEW,,
Grains,Roasted rice flour,300,g,in,,,1,2026-08-08,2026-08-08,8-Aug FULL mega inventory (complete overwrite) — NEW,,
Grains,Organic quinoa flour,500,g,in,,,1,2026-09-01,2026-09-01,1-Sep order — replaces previous quinoa flour,,
Nuts,Flax seeds,632,g,in,,,1,2026-09-03,2026-08-11,3-Sep: +5.0 restored — this item had been DOUBLE-DEDUCTED (my deduction script ran twice),,
Grains & pulses,Matta rice,400,g,in,,,1,2026-09-22,2026-09-14,09-22: -80g L matta rice,,
Staple,Wheatgrass,500,g,in,,,1,2026-08-08,2026-08-08,8-Aug FULL mega inventory (complete overwrite) — NEW,,
Staple,Black raisins,200,g,in,,,1,2026-08-08,2026-08-15,(shelf-stable — restored after count sweep; recat Staple),,
Dals,Moong dal split,0,g,out,,,1,2026-09-03,2026-09-03,3-Sep Bhavya overwrote — smart-list check result: moong dal over,,
Grains,Stone ground whole wheat atta,500,g,in,,,1,2026-08-20,2026-08-20,"20-Aug order (Rubina cart, delivered): stone ground whole wheat atta 500g",,
Grains & pulses,Besan,400,g,in,,,1,2026-08-08,2026-08-08,8-Aug FULL mega inventory (complete overwrite) — NEW,,
Dals,White beans,400,g,in,,,1,2026-08-08,2026-08-08,8-Aug FULL mega inventory (complete overwrite) — NEW,,
Grains & pulses,Broken white rice,100,g,in,,,1,2026-08-08,2026-08-08,8-Aug FULL mega inventory (complete overwrite) — NEW,,
Dals,Orange masoor dal,400,g,in,,,1,2026-08-08,2026-08-08,8-Aug FULL mega inventory (complete overwrite) — NEW,,
Condiment,Kokam,100,g,in,,,1,2026-08-08,2026-08-08,8-Aug FULL mega inventory (complete overwrite) — NEW,,
Condiment,Sugar powder,200,g,in,,,1,2026-08-08,2026-08-08,8-Aug FULL mega inventory (complete overwrite) — NEW,,
Spice,Jeera,596,g,in,,,1,2026-08-11,2026-08-11,8-Aug FULL mega inventory (complete overwrite) — NEW,,
Grains & pulses,Rava,450,g,in,,,1,2026-08-08,2026-08-08,8-Aug FULL mega inventory (complete overwrite) — NEW,,
Condiment,Gur,176,g,in,,,1,2026-08-22,2026-08-08,(restored — not greek yog),,
Dals,White urad dal,300,g,in,,,1,2026-08-08,2026-08-08,8-Aug FULL mega inventory (complete overwrite) — NEW,,
Dals,Black split urad dal,450,g,in,,,1,2026-08-08,2026-08-08,8-Aug FULL mega inventory (complete overwrite) — NEW,,
Grains & pulses,Red broken rice,300,g,in,,,1,2026-08-08,2026-08-08,8-Aug FULL mega inventory (complete overwrite) — NEW,,
Spice,Cardamom (green),30,g,in,,,1,2026-08-08,2026-08-08,8-Aug FULL mega inventory (complete overwrite) — NEW,,
Spice,Star anise,20,g,in,,,1,2026-08-08,2026-08-08,8-Aug FULL mega inventory (complete overwrite) — NEW,,
Spice,Fennel seeds,60,g,in,,,1,2026-08-08,2026-08-08,8-Aug FULL mega inventory (complete overwrite) — NEW,,
Spice,Cinnamon powder (Keya Sri Lankan),50,g,in,,,1,2026-08-08,2026-08-08,8-Aug FULL mega inventory (complete overwrite) — NEW,,
Spice,Hing (asafoetida),40,g,in,,,1,2026-08-08,2026-08-08,8-Aug FULL mega inventory (complete overwrite) — NEW,,
Spice,Cloves,30,g,in,,,1,2026-08-08,2026-08-08,8-Aug FULL mega inventory (complete overwrite) — NEW,,
Staple,The Whole Truth peanut butter (EST),325,g,,,,,2026-08-10,2026-08-10,,,
Vegetable,Red cherry tomato,0,g,out,,,,2026-08-12,2026-08-12,"12-Aug Wed: D Skye cherry tomatoes -20g (50 planned, 20 in stock)",,
Vegetable,Methi leaves,0,g,out,,,,2026-08-29,2026-08-29,"29-Aug full Bhavya overwrote — smart-list check result — veg/fruit/meat overwritten, dairy pruned: not in the 29-Aug count (was 40g)",,
Vegetable,Tomato,1500,g,in,,,,2026-09-24,2026-08-22,24-Sep order,,
Fruit,Yelakki banana,0,g,out,,,,2026-08-14,2026-08-15,15-Aug count: not in physical count -> removed,,
Vegetable,Green zucchini,2,pc,in,,,,2026-09-24,2026-09-09,24-Sep order,,
Dairy,Milky Mist Skyr,0,g,out,,,,2026-09-01,2026-09-01,5-Sep: skyr consolidated on r303,,
Bread & bakery,Whole wheat pita,0,pc,out,,,,2026-08-15,2026-08-22,22-Aug overwrite: not present,,
Fruit,Royal Gala apple,2,pc,in,,,,2026-09-24,2026-08-22,24-Sep order,,
Dairy,Milk (full cream),0,ml,out,,,,2026-08-10,2026-08-15,15-Aug count: not in physical count -> removed,,
Dairy,Epigamia greek yogurt,0,pc,out,,,,2026-09-01,2026-09-01,1-Sep Bhavya overwrote — smart-list check result: Epigamia greek yogurt removed,,
Fruit,Imported cherry,0,g,out,,,,2026-08-10,2026-08-15,15-Aug count: not in physical count -> removed,,
Fruit,Green pear,0,pc,out,,,,2026-08-10,2026-08-15,15-Aug count: not in physical count -> removed,,
Fruit,Zespri kiwi,0,pc,out,,,,2026-08-17,2026-08-22,22-Aug overwrite: not present,,
Vegetable,Pumpkin cut,0,g,out,,,,2026-08-25,2026-08-24,25-Aug: -100g D peanut pumpkin sabji,,
Dairy,Alt Co oat drink,0,ml,out,,,,2026-08-11,2026-08-15,15-Aug count: not in physical count -> removed,,
Vegetable,Coriander leaves,0,g,out,,,,2026-09-12,2026-09-09,12-Sep: removed — not in the perishable count,,
Staple,Sour House sourdough,0,loaf,out,,,,2026-09-10,2026-09-10,10-Sep: consolidated into the Brik Oven sourdough (0.4 loaf),,
Meat,Beef mince (Bamburies),0,g,out,,,,2026-08-27,2026-08-26,27-Aug: -250g D healthy beef kebabs,,
Vegetable,Ooty Carrot,1000,g,in,,,,2026-09-24,2026-08-22,24-Sep order,,
Bread & bakery,Caffeine free diet coke,17,ml,in,,,,2026-09-23,2026-09-18,23-Sep: restored (operator),,
Meat,Seer fish,0,g,out,,,,2026-08-14,2026-08-14,14-Aug D seer fish curry 3pax ~450g delivered & cooked same day (Aug 10 order note) -> 0 left,,
Staple,Saffron,0.8,g,in,,,,2026-08-15,2026-08-15,15-Aug: L biryani -0.2,,
Vegetable,"Italian basil (fresh, hydroponics)",0,g,out,,,,2026-08-15,2026-08-15,15-Aug count: not in physical count -> removed,,
Dairy,Amul unsalted butter,0,g,out,,,,2026-09-23,2026-09-18,23-Sep perishable overwrite,,
Dairy,Almond milk,0,ml,out,,,,2026-09-23,2026-09-18,23-Sep perishable overwrite,,
Fruit,Red apple,0,pc,out,,,,2026-08-15,2026-08-22,22-Aug overwrite: not present,,
Exotic drinks,Borecha kombucha,0,can,out,,,,2026-08-15,2026-08-22,22-Aug overwrite: not in list,,
Beverage,Aranciata Rossa,12,pc,in,,,,2026-09-16,2026-09-16,16-Sep perishable overwrite (operator),,
Beverage,Coca-Cola Plus,7,pc,in,,,,2026-09-16,2026-09-16,16-Sep perishable overwrite (operator),,
Exotic drinks,Coca-Cola Cherry,23,can,in,,,,2026-08-22,2026-08-22,14-Sep: merged coca-cola cherry rows,,
Meat,Farm Made Brown Eggs (12pc),0,pc,out,,,,2026-08-22,2026-08-22,22-Aug overwrite: not present,,
Vegetable,Gadre Edamame (frozen),0,g,out,,,,2026-08-22,2026-08-22,22-Aug overwrite: not present,,
Meat,Licious Chicken Breast Boneless,0,g,out,,,,2026-09-19,2026-09-19,09-19: -100g D mexican,,
Meat,Health on Plants tofu (350g),400,g,in,,,,2026-09-24,2026-08-22,24-Sep order,,
Staple,Double Horse matta broken rice,500,g,in,,,,2026-08-18,2026-08-18,18-Aug order (delivered) [staple],,
Staple,Nutritional yeast,100,g,in,,,,2026-08-18,2026-08-18,18-Aug order (delivered) [staple],,
Staple,Organic Tattva poha,500,g,in,,,,2026-08-18,2026-08-18,18-Aug order (delivered) [staple],,
Staple,Supreme Harvest cashew whole,200,g,in,,,,2026-08-18,2026-08-18,18-Aug order (delivered) [staple],,
Staple,Open Secret pecan nuts,200,g,in,,,,2026-08-18,2026-08-18,18-Aug order (delivered) [staple],,
Vegetable,Corn cob,0,pc,out,,,,2026-09-12,2026-09-05,12-Sep: removed — not in the perishable count,,
Bread & bakery,Bread (staff),0,g,out,,,,2026-08-29,2026-08-29,29-Aug count follow-up (Bhavya): staff bread removed (was 150g),,
Fruit,Lemonade lemon,0,pc,out,,,,2026-09-02,2026-09-02,2-Sep EOD Bhavya overwrote — smart-list check result (full perishable count): not in the count (was 1pc),,
Bread & bakery,Sourdough loaf (28-Aug),0,loaf,out,,,1,2026-09-02,2026-09-02,2-Sep EOD Bhavya overwrote — smart-list check result (full perishable count): not in the count (was 2loaf),,
Vegetable,White radish,0,pc,out,,,1,2026-09-09,2026-09-09,9-Sep: radish removed (all),,
Vegetable,Pumpkin chunks,200,g,in,,,1,2026-09-23,2026-09-02,23-Sep perishable overwrite,,
Vegetable,Dill leaves,0,g,out,,,1,2026-09-02,2026-09-02,5-Sep: dill removed,,
Grains,Organic ragi flour,500,g,in,,,1,2026-09-18,2026-09-18,22-Sep post-dinner count,,
Grains,Jeera rice,400,g,in,,,1,2026-09-09,2026-09-09,9-Sep update (operator),,
Staple,Mixed seeds,120,g,in,,,1,2026-09-18,2026-09-18,21-Sep post-dinner count,,
Dairy,Curd,300,g,in,,,1,2026-09-24,2026-09-18,09-24: -100g D raita,,
Grains,Rice vermicelli,150,g,in,,,1,2026-09-18,2026-09-18,21-Sep post-dinner count,,
Beverage,Diet Coke Gold,0,pc,out,,,1,2026-09-05,2026-09-05,5-Sep: retired — duplicate of the Diet Coke (caffeine-free) row,,
Beverage,Coca Cola Cherry,0,pc,out,,,1,2026-09-05,2026-09-05,14-Sep: merged into Coca-Cola Cherry,,
Vegetable,Capsicum (red & yellow),0,g,out,,,1,2026-09-11,2026-09-11,11-Sep: consolidated into the 300g capsicum row,,
Dairy,Coconut cream,0,g,out,,,1,2026-09-12,2026-09-07,12-Sep: removed — not in the perishable count,,
Dairy,chaat masala,0,g,out,,,1,2026-09-12,,12-Sep: removed — not in the perishable count,,
Dairy,mixed berry greek,0,g,out,,,1,2026-09-12,,12-Sep: removed — not in the perishable count,,
Spice,Kashmiri chilli powder,100,g,in,,,1,2026-09-14,2026-09-14,14-Sep order,,
Dals,Organic Tatva aswan whole,100,g,in,,,1,2026-09-14,2026-09-14,14-Sep order,,
Beverage,Coca-Cola (no caffeine),10,can,in,,,1,2026-09-16,2026-09-16,16-Sep order,,
Dairy,Heritage milk,500,ml,in,,,1,2026-09-24,2026-09-18,24-Sep update,,
Beverage,Coca-Cola can,10,can,in,,,1,2026-09-16,2026-09-16,16-Sep perishable overwrite (operator),,
Dairy,Greek yogurt blueberry,255,g,in,,,1,2026-09-23,2026-09-17,23-Sep perishable overwrite,,
Bread & bakery,Olive & rosemary sourdough,0,loaf,out,,,1,2026-09-18,2026-09-18,19-Sep post-meal count (operator),,
Vegetable,Ooty beetroot,250,g,in,,,1,2026-09-24,2026-09-21,24-Sep order,,
Vegetable,Cucumber,2,pc,in,,,1,2026-09-23,2026-09-21,23-Sep perishable overwrite,,
Dairy,Skyr big,225,g,in,,,1,2026-09-23,2026-09-18,23-Sep perishable overwrite,,
Fruit,Yellaki banana (g),0,g,out,,,1,2026-09-23,2026-09-21,23-Sep: not in perishable overwrite,,
Dairy,Buttermilk,0,ml,out,,,1,2026-09-23,2026-09-18,23-Sep perishable overwrite,,
Staple,Brown sugar,800,g,in,,,1,2026-09-18,2026-09-18,21-Sep post-dinner count,,
,None,,,,,,,,,,,
,None,,,,,,,,,,,
,None,,,,,,,,,,,
,None,,,,,,,,,,,
,None,,,,,,,,,,,
,None,,,,,,,,,,,
Bread & bakery,Cherry coke,10,pc,in,,,1,2026-09-23,2026-09-18,23-Sep: restored (operator),,
Condiment,schezwan sauce|schezuan,190,g,in,,,1,2026-09-23,2026-09-23,23-Sep order,,
Condiment,Schezwan sauce,190,g,in,,,1,2026-09-23,,23-Sep order (pre-meal),,
Grains,Staff bread,150,g,in,,,1,2026-09-23,,23-Sep perishable overwrite,,
Dairy,Greek yogurt strawberry,170,g,in,,,1,2026-09-23,,23-Sep perishable overwrite,,
Dairy,Greek yogurt mixed berry,170,g,in,,,1,2026-09-23,,23-Sep perishable overwrite,,
Dairy,Milk,500,ml,in,,,1,2026-09-23,,23-Sep perishable overwrite,,
Vegetable,Babycorn,200,g,in,,,1,2026-09-23,,23-Sep perishable overwrite,,
Dairy,Butter,0,g,out,,,1,2026-09-23,,23-Sep perishable overwrite,,
Dairy,Heritage full cream milk,500,ml,in,,,1,2026-09-24,,24-Sep order,,
Dairy,Epigamia blueberry yogurt,85,g,in,,,1,2026-09-24,,24-Sep order,,
Vegetable,Spring onion,250,g,in,,,1,2026-09-24,,24-Sep order,,
Fruit,Valencia orange,2,pc,in,,,1,2026-09-24,,24-Sep order,,
Herb,Curly parsley,50,g,in,,,1,2026-09-24,,24-Sep order,,
Fruit,Imported blueberry,125,g,in,,,1,2026-09-24,,24-Sep order,,
Vegetable,French ring beans,400,g,in,,,1,2026-09-24,,09-24: -100g D roasted carrot beans,,
Fruit,Hass avocado,2,pc,in,,,1,2026-09-24,,24-Sep order,,
