Shunyam & Ishan — latest,,,,,,,,,,,,
Current stock · 2 on record,,,,,,,,,,,,
Category,Item,Quantity,Unit,Status,Est,Verify,Factor,Last checked,Last entered,Note,Expiry,Bought
Spice,Methi (fenugreek),0,g,out,est,,250,2026-07-15,,none — out (15-Jul),,
Vegetable,Cucumber,3,pc,in,,,1,2026-09-24,2026-09-18,24-Sep end (Shunyam definitive count),,
Vegetable,Chilli garlic paste,0,g,out,,,0.83,2026-09-12,2026-08-20,12-Sep perishable overwrite — not in count,,
Vegetable,Green chilli,100,g,in,,,0.88,2026-09-24,2026-09-19,24-Sep end (Shunyam definitive count),,
Bread & bakery,Bread,0,g,out,,,,2026-09-23,2026-09-11,23-Sep perishable overwrite,,
Dairy,Butter,30,g,in,,,,2026-09-24,2026-09-19,24-Sep end (Shunyam definitive count),,
Dairy,Cheese,100,g,in,,,,2026-09-23,2026-09-19,23-Sep: restored (operator),2027-01-31,
Dairy,Cow milk pouch (Akshayakalpa),0,packet,out,yes,,,2026-08-15,2026-08-16,29-Aug Bhavya overwrote — smart-list check result: milk rows removed on instruction,,
Dairy,Curd,100,g,in,,,,2026-09-24,2026-09-18,24-Sep end (Shunyam definitive count),,
Dairy,Milk,500,ml,in,,,,2026-09-24,2026-09-19,24-Sep end (Shunyam definitive count),,
Dairy,Ghee,0,ml,out,yes,,,2026-09-23,2026-09-19,23-Sep perishable overwrite,,
Dairy,Greek yoghurt (Athena),0,pc,out,,,,,2026-06-18,29-Aug Bhavya overwrote — smart-list check result: curd/yogurt row cleared — none kept on this board,,
Dairy,Milkmaid condensed milk,0,g,out,,,,2026-08-29,2026-08-29,29-Aug Bhavya overwrote — smart-list check result: milk rows removed on instruction (was 100g),,
Dairy,Set curd (Akshayakalpa),0,g,out,yes,,,2026-07-18,2026-07-18,29-Aug Bhavya overwrote — smart-list check result: curd/yogurt row cleared — none kept on this board,,
Meat,Eggs,8,pc,in,,,,2026-09-24,2026-09-19,24-Sep end (Shunyam definitive count),,2026-08-04
Vegetable,Carrot,6,pc,in,,,0.96,2026-09-24,2026-09-18,24-Sep end (Shunyam definitive count),,
Vegetable,Curry leaves,30,g,in,,,50,2026-09-24,2026-09-19,24-Sep end (Shunyam definitive count),,
Meat,Paneer,200,g,in,,,1,2026-09-24,2026-09-22,24-Sep end (Shunyam definitive count),,
Grains & pantry,7-in-1 seed mix,210,g,in,,,,2026-08-01,2026-08-01,1-Aug mega Bhavya overwrote — smart-list check result (inventory count) — 7-in-1 mix seeds,,
Grains & pantry,Almonds,0,g,out,,,,2026-08-03,2026-08-03,3-Aug count (after all meals) — almonds — as per model (model shows none),,
Grains & pantry,Arrabiata pasta sauce (Veeba),0,g,out,,,,2026-08-01,2026-08-01,Not in the 1-Aug mega inventory — cleared to 0 (was 300 g),,
Grains & pantry,Chia seeds,235,g,in,,,,2026-09-23,2026-08-24,09-23: -10g B smoothie,,
Grains & pantry,Chocolate syrup (Hersheys),100,ml,in,,,,2026-08-20,2026-08-20,20-Aug staple Bhavya overwrote — smart-list check result,,
Grains & pantry,Cocoa (Cadbury),0,g,out,,,,2026-08-01,2026-08-01,Not in the 1-Aug mega inventory — cleared to 0 (was 1 g),,
Grains & pantry,Soy sauce,90,ml,in,,,,2026-09-23,2026-08-20,09-23: -10ml D korean noodles,,
Grains & pantry,Flax seeds,0,g,out,,,,,,26-Aug: blank quantity normalised to 0,,
Frozen,Frozen green peas,500,g,in,,,,2026-09-24,2026-09-19,24-Sep order,,
Vegetable,Ginger,100,g,in,,,,2026-09-24,2026-09-23,24-Sep end (Shunyam definitive count),,
Grains & pantry,Green olives (Del Monte),300,g,in,,,,2026-08-20,2026-08-20,20-Aug staple Bhavya overwrote — smart-list check result,,
Condiment,Honey,0,g,out,,,,2026-09-23,2026-09-19,23-Sep perishable overwrite,,
Grains & pantry,Honey / mango jam,0,g,out,,,,2026-08-01,2026-08-01,1-Aug mega Bhavya overwrote — smart-list check result (inventory count) — duplicate honey row,,
Grains & pantry,"Hydration/electrolyte (Fast&Up, LiquidIV)",170,g,in,,,,2026-08-01,2026-08-01,1-Aug mega Bhavya overwrote — smart-list check result (inventory count) — electrolyte drink mix,,
Grains & pantry,Millet pancake mix (Slurrp Farm),1,packet,in,,,,2026-09-19,2026-08-24,09-19: -1packet B pancakes,,
Grains & pantry,Mixed nuts / walnuts,250,g,in,,,,2026-08-01,2026-08-01,"1-Aug mega Bhavya overwrote — smart-list check result (inventory count) — Tata Sampann walnuts, sealed",2027-03-31,
Dals,Moong dal,350,g,in,,,,2026-09-24,2026-09-23,24-Sep end (Shunyam definitive count),,
Grains & pantry,Muesli / berry cereal,0,g,out,,,,,,26-Aug: blank quantity normalised to 0,,
Grains & pantry,Rai (mustard seeds),150,g,in,,,,2026-08-20,2026-08-20,20-Aug staple Bhavya overwrote — smart-list check result,,
Grains & pantry,Mustard / cooking oil,0,g,out,,,,2026-08-01,2026-08-01,1-Aug mega Bhavya overwrote — smart-list check result (inventory count) — not in the 1-Aug count — only organic mustard oil held,,
Grains & pantry,Mustard sauce,200,ml,in,,,,2026-08-20,2026-08-20,20-Aug staple Bhavya overwrote — smart-list check result,2027-01-31,
Grains,Oats,50,g,in,,,,2026-09-23,2026-09-17,09-23: -40g B smoothie,,
Grains & pantry,Olive oil (Borges Extra Virgin),163,ml,in,,,,2026-08-11,2026-08-11,1-Aug mega Bhavya overwrote — smart-list check result (inventory count) — Borges extra virgin,,
Grains & pantry,Pickle / cooking sauce (Winn),0,g,out,,,,,,26-Aug: blank quantity normalised to 0,,
Grains & pantry,Pizza/pasta seasoning (Keya oregano),50,g,in,,,,2026-08-01,2026-08-01,1-Aug mega Bhavya overwrote — smart-list check result (inventory count) — oregano seasoning,,
Grains & pantry,Ragi chips (The Healthy),0,g,out,,,,,,26-Aug: blank quantity normalised to 0,,
Vegetable,Beans,200,g,in,,,,2026-09-24,2026-09-19,24-Sep end (Shunyam definitive count),,
Grains,Rice,0,g,out,,,,2026-09-24,2026-09-19,09-24: -50g L jeera rice,,
Grains & pantry,Roasted chana,150,g,in,,,,2026-08-24,2026-08-24,24-Aug 08:30 PHYSICAL COUNT (pre-cooking) — overwrite,,
Grains & pantry,Schezwan chutney (Wok),0,g,out,,,,2026-08-01,2026-08-01,Not in the 1-Aug mega inventory — cleared to 0 (was 100 g),,
Grains & pantry,Snack bars / chocolate,0,pc,out,,,,,,26-Aug: blank quantity normalised to 0,,
Grains & pantry,Soda (Lehar),0,ml,out,,,,2026-08-01,2026-08-01,Not in the 1-Aug mega inventory — cleared to 0 (was 750 ml),,
Grains & pantry,Pepper powder,100,g,in,,,,2026-08-20,2026-08-20,20-Aug staple Bhavya overwrote — smart-list check result,,
Grains & pantry,Tea (Catch chai + tea bags),750,g,in,,,,2026-09-23,2026-09-23,23-Sep order (pre-meal),,
Grains & pantry,Tissue (non-food),0,pc,out,,,,,,26-Aug: blank quantity normalised to 0,,
Condiment,Tomato ketchup,900,g,in,,,,2026-09-24,2026-09-23,24-Sep end (Shunyam definitive count),,
Grains & pantry,Veg mayonnaise (Dr Oetker FunFoods),73,g,in,,,,2026-08-20,2026-08-20,20-Aug staple Bhavya overwrote — smart-list check result,2027-01-31,
Grains & pantry,Vinegar (synthetic),120,ml,in,,,,2026-08-20,2026-08-20,20-Aug staple Bhavya overwrote — smart-list check result,2027-11-30,
Meat,Chicken,0,g,out,yes,,,2026-09-24,2026-09-22,24-Sep end (Shunyam definitive count),,
Protein,Chicken (curry cut),0,g,out,,,,2026-06-30,2026-07-23,23-Jul no chicken at home,,
Protein,Whey protein,0,g,out,,,,2026-09-24,2026-08-20,24-Sep: 0 (operator),,
Snacks & misc,Multigrain bread (Health Factory),0,g,out,,,,2026-06-30,2026-07-24,24-Jul check: no bread,,
Total items,,=COUNTA(B5:B109),,,,,,,,,,
In stock,,"=COUNTIF(E5:E109,""in"")",,,,,,,,,,
Out / reorder,,"=COUNTIF(E5:E109,""out"")",,,,,,,,,,
Condiment,Ginger garlic paste,100,g,in,,,1,2026-09-24,2026-09-19,24-Sep end (Shunyam definitive count),,
Spice,Coriander powder,192,g,in,,,1,2026-08-20,2026-08-20,20-Aug staple Bhavya overwrote — smart-list check result,,
Beverage,Kombucha,0,g,out,,,1,2026-08-01,2026-08-01,Not in the 1-Aug mega inventory — cleared to 0 (was 1 g),,
Dals,Split white urad dal,300,g,in,,,1,2026-08-24,2026-08-24,24-Aug 08:30 PHYSICAL COUNT (pre-cooking) — overwrite,,
Dals,Chana dal,400,g,in,,,1,2026-08-24,2026-08-24,24-Aug count: 400g (chana-dal substitution reversed — toor dal used for dal tadka),2026-12-31,
Grains & pantry,Sugar,485,g,in,,,1,2026-08-24,2026-08-24,24-Aug: KEPT on Bhavya confirmation (white sugar not in count list but present),,
Spice,Chaat masala,50,g,in,,,1,2026-09-24,2026-08-20,24-Sep end (Shunyam definitive count),,
Grains & pantry,White dal (moong),0,g,out,,,1,2026-08-24,2026-08-24,24-Aug 08:30 PHYSICAL COUNT (pre-cooking) — overwrite: legume not in count (moong family consolidated) (was 0g),,
Grains & pantry,Nilgiri red rice,380,g,in,,,1,2026-09-12,2026-08-24,09-12: -100g B red rice dosa,,
Grains & pantry,Aashirvaad atta (2kg),620,g,in,,,1,2026-09-22,2026-08-24,09-22: -160g D roti,,
Grains & pantry,Kabuli chana,0,g,out,,,1,2026-08-22,2026-08-01,22-Aug: -100g L chickpea salad + protein shake (L salad),,
Grains & pantry,Salt,800,g,in,,,1,2026-08-24,2026-08-24,24-Aug 08:30 PHYSICAL COUNT (pre-cooking) — overwrite,,
Grains & pantry,Brown sugar,450,g,in,,,1,2026-08-24,2026-08-24,24-Aug 08:30 physical count,,
Grains & pantry,Sriracha sauce,20,ml,in,,,1,2026-08-20,2026-08-20,20-Aug staple Bhavya overwrote — smart-list check result,2026-10-31,
Grains & pantry,Bay leaf / dried patta,0,g,out,,,1,2026-08-01,2026-08-01,Not in the 1-Aug mega inventory — cleared to 0 (was 9 g),,
Spice,Chilli flakes,35,g,in,,,1,2026-09-18,2026-09-18,21-Sep post-lunch count,,
Grains & pantry,Clove (laung),20,g,in,,,1,2026-08-20,2026-08-20,20-Aug staple Bhavya overwrote — smart-list check result,,
Grains & pantry,Poha,250,g,in,,,1,2026-09-24,2026-08-24,24-Sep end (Shunyam definitive count),,
Grains & pantry,Biryani rice,0,g,out,,,1,2026-08-01,2026-08-01,Not in the 1-Aug mega inventory — cleared to 0 (was 500 g),,
Grains & pantry,Protein atta,0,g,out,,,1,2026-08-01,2026-08-01,1-Aug mega Bhavya overwrote — smart-list check result (inventory count) — not in the 1-Aug count,,
Grains & pantry,Sabudana,0,g,out,,,1,2026-08-01,2026-08-01,Not in the 1-Aug mega inventory — cleared to 0 (was 250 g),,
Grains & pantry,Besan,500,g,in,,,1,2026-09-24,2026-08-24,24-Sep end (Shunyam definitive count),,
Grains & pantry,Makhana,40,g,in,,,1,2026-08-11,2026-08-11,1-Aug mega Bhavya overwrote — smart-list check result (inventory count),,
Grains & pantry,Rooh Afza,500,ml,in,,,1,2026-08-01,2026-08-01,1-Aug mega Bhavya overwrote — smart-list check result (inventory count) — Rooh Afza,,
Grains & pantry,Manchurian sauce,100,ml,in,,,1,2026-08-01,2026-08-01,1-Aug mega Bhavya overwrote — smart-list check result (inventory count),2027-02-28,
Grains & pantry,Pav bhaji masala,50,g,in,,,1,2026-09-24,2026-08-20,24-Sep end (Shunyam definitive count),,
Grains & pantry,Cheese & jalapeno spread,0,g,out,,,1,2026-08-01,2026-08-01,Not in the 1-Aug mega inventory — cleared to 0 (was 1 g),,
Grains & pantry,Chilli powder,250,g,in,,,1,2026-09-24,2026-08-20,24-Sep end (Shunyam definitive count),2027-05-31,
Grains & pantry,Jeera,30,g,in,,,1,2026-09-24,2026-08-20,24-Sep end (Shunyam definitive count),,
Grains & pantry,Turmeric powder,100,g,in,,,1,2026-08-20,2026-08-20,20-Aug staple Bhavya overwrote — smart-list check result,,
Grains & pantry,Black til (sesame),0,g,out,,,1,2026-08-01,2026-08-01,Not in the 1-Aug mega inventory — cleared to 0 (was 50 g),,
Grains & pantry,Elaichi (cardamom),40,g,in,,,1,2026-08-20,2026-08-20,20-Aug staple Bhavya overwrote — smart-list check result,,
Grains & pantry,Green tea,0,g,out,,,1,2026-08-01,2026-08-01,Not in the 1-Aug mega inventory — cleared to 0 (was 1 g),,
Grains & pantry,Green raisins,0,g,out,,,1,2026-08-01,2026-08-01,Not in the 1-Aug mega inventory — cleared to 0 (was 100 g),,
Grains & pantry,Black raisins,300,g,in,,,1,2026-08-01,2026-08-01,1-Aug mega Bhavya overwrote — smart-list check result (inventory count),,
Grains & pantry,Chocolate oats,0,g,out,,,1,2026-08-21,2026-08-11,"1-Aug mega Bhavya overwrote — smart-list check result (inventory count) — high-protein super oats, chocolate",,
Grains & pantry,Garam masala,50,g,in,,,1,2026-09-24,2026-08-20,24-Sep end (Shunyam definitive count),,
Grains & pantry,Cornstarch,65,g,in,,,1,2026-09-19,2026-08-11,09-19: -10g D dragon chicken,,
Grains & pantry,Frozen peas,800,g,in,,,1,2026-09-24,2026-07-25,24-Sep end (Shunyam definitive count),,
Grains & pantry,Almond & cashew mix,30,g,in,,,1,2026-09-11,2026-09-11,11-Sep: restored — cashew order moved to its own row,,
Grains & pantry,Seed mixture,100,g,in,,,1,2026-08-01,2026-08-01,1-Aug mega Bhavya overwrote — smart-list check result (inventory count) — seed mix,,
Grains & pantry,Mustard oil,1840,ml,in,,,1,2026-09-24,2026-08-20,24-Sep order,,
Spice,Paprika powder,0,pack,out,,,1,2026-08-01,2026-08-01,1-Aug mega Bhavya overwrote — smart-list check result (inventory count) — duplicate — held on smoked paprika,,
Condiment,Peri peri sauce,100,ml,in,,,1,2026-08-20,2026-08-20,20-Aug staple Bhavya overwrote — smart-list check result,2027-02-28,
Spice,Smoked paprika,100,g,in,,,1,2026-08-01,2026-08-01,1-Aug mega Bhavya overwrote — smart-list check result (inventory count) — smoked paprika,,
Spice,Kasuri methi,25,g,in,,,1,2026-09-24,2026-09-11,24-Sep end (Shunyam definitive count),,
Nuts,Groundnut (peanuts),320,g,in,,,,2026-08-24,2026-08-24,24-Aug 08:30 PHYSICAL COUNT (pre-cooking) — overwrite,2026-12-31,
Pantry,Wheat pasta,0,g,out,,,,2026-09-14,2026-08-24,09-14: -70g D 3 rotis,,
Grains,Noodles,200,g,in,,,,2026-09-23,2026-09-22,09-23: -200g D korean noodles,2026-12-31,
Dairy,Dosa batter,0,g,out,,,,2026-09-14,2026-09-14,14-Sep: dosa batter removed,,
Spice,Sambar masala powder,200,g,in,,,,2026-08-20,2026-08-20,20-Aug staple Bhavya overwrote — smart-list check result,2027-06-30,
Protein,Chicken breast,0,g,out,,,,2026-09-24,2026-09-07,24-Sep: chicken 0 (all chicken rows),,2026-08-08
Vegetable,Onion,840,g,in,,,,2026-09-24,2026-09-18,09-24: -80g L salad,,
Vegetable,Tomato,0,g,out,,,,2026-09-24,2026-09-18,24-Sep end (Shunyam definitive count),,
Vegetable,Capsicum,3,pc,in,,,,2026-09-24,2026-09-19,24-Sep end (Shunyam definitive count),,2026-08-04
Vegetable,Mint leaves,100,g,in,yes,,,2026-09-24,2026-09-19,24-Sep end (Shunyam definitive count),,
Vegetable,Lemon,2,pc,in,,,,2026-09-24,2026-09-19,24-Sep end (Shunyam definitive count),,
Vegetable,Potato,7,pc,in,,,,2026-09-23,2026-09-18,23-Sep perishable overwrite,,
Fruit,Watermelon,0,g,out,,,,2026-07-21,2026-07-23,23-Jul over/used,,
FnV,Baby potato,0,g,out,,,,2026-07-18,2026-07-18,18-Jul order,,
Fruit,Banana,0,pc,out,,,,2026-09-23,2026-09-19,23-Sep update (post-meal),,
Dairy,Feta cheese (Delecta),0,g,out,,,,2026-08-01,2026-08-01,Not in the 1-Aug mega inventory — cleared to 0 (was 50 g),,
Spice,Cinnamon,25,g,in,,,,2026-08-20,2026-08-20,20-Aug staple Bhavya overwrote — smart-list check result,,
Grains & pantry,Vermicelli,600,g,in,,,,2026-09-24,2026-08-24,24-Sep end (Shunyam definitive count),2027-06-30,
Grains & pantry,Basmati rice,1850,g,in,,,,2026-09-24,2026-09-23,09-24: -150g D bisi bele bath,,
Dairy,Cow milk (Akshayakalpa),0,ml,out,,,,2026-08-29,2026-08-29,29-Aug Bhavya overwrote — smart-list check result: milk rows removed on instruction (was 400ml),,
FnV,Red bell pepper,0,g,out,,,,2026-07-18,2026-07-18,removed 21-Jul,,
Vegetable,Coriander leaves,100,g,in,,,,2026-09-23,2026-09-19,23-Sep perishable overwrite,,2026-08-04
Protein,Chicken breast — FreshToHome (merged into Chicken breast (boneless)),0,g,out,,,1,2026-08-24,2026-08-24,24-Aug 08:30 PHYSICAL COUNT (pre-cooking) — overwrite: duplicate chicken row (was 0g),,2026-08-04
Vegetable,Red capsicum,0,pc,out,,,1,2026-09-23,2026-09-18,23-Sep: not in perishable overwrite,,2026-08-04
Vegetable,Yellow capsicum,0,pc,out,,,1,2026-09-23,2026-09-18,23-Sep: not in perishable overwrite,,2026-08-04
Vegetable,Spring onion,0,g,out,,,1,2026-09-18,2026-09-12,09-18: -140g L spring onion sabzi,,
FnV,Lady's finger (okra),0,g,out,,,1,2026-07-28,2026-07-28,"L bhindi sabzi (all, fresh)",,
Bakery,Protein Chef high-protein bread,0,packet,out,,,1,2026-08-18,2026-08-20,20-Aug overwrite: not present,,
Fruit,Green kiwi,0,pc,out,,,1,2026-09-12,2026-09-11,12-Sep perishable overwrite — not in count,,
Dairy,Fresh cream,100,ml,in,,,1,2026-09-24,2026-09-19,24-Sep end (Shunyam definitive count),2027-01-31,
Vegetable,Spinach,0,g,out,,,,2026-09-24,2026-09-18,09-24: -150g L dal palak,,
Vegetable,Sweet corn,0,g,out,,,,2026-09-24,2026-09-18,24-Sep: 0 (operator),,
Vegetable,Ridge gourd,0,g,out,,,,2026-07-29,2026-07-29,"Ordered 250g, used in D turai baingan",,
Vegetable,White brinjal,0,g,out,,,,2026-09-14,2026-09-14,14-Sep: brinjal removed,,
Vegetable,Haricot beans,250,g,in,,,,2026-09-24,2026-08-11,24-Sep order,,
Vegetable,Zucchini,0,g,out,,,,2026-09-07,2026-09-07,7-Sep: zucchini removed,,
Dairy,Amul cheese,0,block,out,,,,2026-08-11,2026-08-11,Not in 11-Aug Bhavya overwrote — smart-list check result (perishable count) — zeroed (overwrite),,
Grains & pantry,Rava,350,g,in,,,1,2026-08-24,2026-08-24,24-Aug 08:30 PHYSICAL COUNT (pre-cooking) — overwrite,,
Dals,Toor dal,450,g,in,,,1,2026-09-24,2026-09-17,09-24: -100g D bisi bele bath,,
Grains & pantry,Red matta rice,180,g,in,,,1,2026-08-24,2026-08-24,24-Aug 08:30 PHYSICAL COUNT (pre-cooking) — overwrite,2026-09-30,
Grains & pantry,Wheat atta,500,g,in,,,1,2026-09-24,2026-08-24,24-Sep end (Shunyam definitive count),2026-08-07,
Grains & pantry,Stone wheat atta,0,g,out,,,1,2026-08-24,2026-08-24,24-Aug 08:30 PHYSICAL COUNT (pre-cooking) — overwrite: duplicate atta family — consolidated into Aata 1.2kg (was 500g),,
Grains & pantry,Quaker oats,710,g,in,,,1,2026-09-17,2026-08-24,09-17: -0g D prep,,
Grains & pantry,Overnight oats,3,packet,in,,,1,2026-08-24,2026-08-24,24-Aug 08:30 PHYSICAL COUNT (pre-cooking) — overwrite,,
Grains & pantry,Jaggery powder,100,g,in,,,1,2026-08-01,2026-08-01,1-Aug mega Bhavya overwrote — smart-list check result (inventory count) — NEW SKU,,
Beverage,Hot chocolate powder,120,g,in,,,1,2026-08-01,2026-08-01,1-Aug mega Bhavya overwrote — smart-list check result (inventory count) — NEW SKU,,
Spice,Hing,50,g,in,,,1,2026-08-01,2026-08-01,1-Aug mega Bhavya overwrote — smart-list check result (inventory count) — NEW SKU: EXPIRED Jul 2026,,
Beverage,Tea powder,0,g,out,,,1,2026-09-23,2026-08-01,23-Sep update (post-meal),,
Nuts,Pistachios,0,g,out,yes,,1,2026-09-02,,2-Sep: CONFIRMED present (Bhavya) — verify flag cleared,,
FnV,English cucumber,500,g,in,,,1,2026-09-24,2026-08-11,24-Sep order,,2026-08-04
Spice,Everbest Kori Mint masala,1,box,in,,,1,2026-08-04,2026-08-04,4-Aug inventory check — NEW SKU: 1 box,,
Spice,Everest Kitchen King masala,1,box,in,,,1,2026-08-04,2026-08-04,4-Aug inventory check — NEW SKU: 1 box,,
Condiment,Piri piri sauce,1,bottle,in,,,1,2026-08-04,2026-08-04,4-Aug inventory check — NEW SKU: 1 bottle,,
Spice,Turmeric whole,70,g,in,,,1,2026-08-05,2026-08-05,"5-Aug inventory check (after meals) — NEW SKU: whole turmeric 70 g, expiry 8/26",,
Grains & pantry,Provilac cacao,250,g,in,,,1,2026-08-05,2026-08-05,Order 5-Aug — NEW SKU,,2026-08-05
Dairy,Milky Mist Greek Yogurt,0,g,out,,,,2026-09-14,2026-09-14,14-Sep: Milky Mist greek yogurt in Dairy,,
Vegetable,Button mushroom,0,g,out,,,,2026-08-11,2026-08-11,Not in 11-Aug Bhavya overwrote — smart-list check result (perishable count) — zeroed (overwrite),,
Vegetable,Tricolour capsicum,3,pc,in,,,,2026-09-24,2026-08-16,24-Sep order,,
Vegetable,Broccoli,0,g,out,,,,2026-08-11,2026-08-11,Not in 11-Aug Bhavya overwrote — smart-list check result (perishable count) — zeroed (overwrite),,
Vegetable,Green zucchini,0,pc,out,,,,2026-08-11,2026-08-11,duplicate zucchini row — merged into r168,,
Vegetable,Green cucumber,0,g,out,,,,2026-08-11,2026-08-20,20-Aug overwrite: not present,,
Vegetable,Orange carrot,0,g,out,,,,2026-08-11,2026-08-20,20-Aug overwrite: not present,,
Vegetable,Hybrid tomato,0,g,out,,,,2026-08-14,2026-08-18,18-Aug: removed (Bhavya),,
Dairy,Akshayakalpa probiotic curd,0,g,out,,,,2026-08-19,2026-08-20,29-Aug Bhavya overwrote — smart-list check result: curd/yogurt row cleared — none kept on this board,,
Dairy,Health On Plants tofu,0,g,out,,,,2026-09-24,2026-09-23,24-Sep: removed (operator),,
Dairy,Eggoz white eggs,0,pc,out,,,,2026-08-24,2026-08-24,24-Aug 08:30 PHYSICAL COUNT (pre-cooking) — overwrite: duplicate egg row (was 0pc),,
Meat,Licious chicken breast,0,g,out,,,,2026-08-24,2026-08-24,24-Aug 08:30 PHYSICAL COUNT (pre-cooking) — overwrite: duplicate chicken row (was 0g),,
Staple,Ching's white chilli vinegar,170,ml,,,,,2026-08-10,2026-08-10,,,
Staple,Ching's red chilli sauce,100,g,in,,,,2026-09-10,2026-09-10,10-Sep: restored — order had landed here,,
Meat,Chicken keema,0,g,out,,,,2026-08-11,2026-08-17,17-Aug: removed per Bhavya (chicken keema),,
Staple,Quaker Rolled High Protein Instant Oats,0,g,out,,,,2026-08-24,2026-08-24,24-Aug 08:30 PHYSICAL COUNT (pre-cooking) — overwrite: duplicate oats family — consolidated into Oats 800g (was 400g),,
Meat,Akshayakalpa Organic High Protein Paneer,0,g,out,,,,2026-09-09,2026-09-09,9-Sep: paneer removed (Akshayakalpa row too),,
Vegetable,Iceberg lettuce,0,pc,out,,,,2026-08-14,2026-08-18,18-Aug: removed (Bhavya),,
Dairy,Milky Mist skyr,0,g,out,,,,2026-09-23,2026-09-19,23-Sep: not in perishable overwrite,,
Vegetable,Beetroot,2,pc,in,,,,2026-09-24,2026-09-18,24-Sep end (Shunyam definitive count),,
Staple,MTR Kashmiri Chilli,200,g,in,,,,2026-08-20,2026-08-20,20-Aug staple Bhavya overwrote — smart-list check result,,
Staple,Everest Kashmiri red chilli powder,200,g,in,,,,2026-08-20,2026-08-20,20-Aug staple Bhavya overwrote — smart-list check result,,
Dairy,Amul Masti chaach,0,ml,out,,,,2026-08-24,2026-08-24,24-Aug 08:30 PHYSICAL COUNT (pre-cooking) — overwrite: perishable dairy not in 24-Aug count (was 100ml),,
Dairy,Moire butter,0,g,out,,,,2026-08-11,2026-08-20,20-Aug overwrite: not present,,
Fruit,Papaya,0,pc,out,,,,2026-08-11,2026-08-20,20-Aug overwrite: not present,,
Fruit,Apple,0,pc,out,,,,2026-09-23,2026-09-18,23-Sep: not in perishable overwrite,,
Fruit,Blueberry (frozen),0,g,out,,,,2026-08-21,2026-08-21,21-Aug: deleted (Bhavya),,
,Rajma masala powder,20,g,in,,,,2026-09-16,2026-08-20,09-16: -80g L rajma chawal,,
,Chole masala powder,100,g,in,,,,2026-08-20,2026-08-20,20-Aug staple Bhavya overwrote — smart-list check result,,
,Frozen green peas (Safal),0,g,out,,,,2026-08-24,2026-08-24,24-Aug 08:30 PHYSICAL COUNT (pre-cooking) — overwrite: duplicate frozen-peas row — consolidated into Frozen peas 120g (was 143g),,
Dairy,Cheese slice,3,slice,in,,,,2026-09-24,2026-08-24,24-Sep update,,
Vegetable,Garlic,120,g,in,,,1,2026-09-24,2026-09-23,24-Sep end (Shunyam definitive count),,
Staple,Blackberry (frozen),20,g,in,,,1,2026-08-24,2026-08-24,"24-Aug 08:30 count — FROZEN; moved Fruit -> Staple (Bhavya). Name corrected: was mistyped ""Blueberry"" on creation, count says Blackberry.",,
Dals,Kala chana,0,g,out,,,1,2026-08-26,2026-08-24,26-Aug: -60g D prep (soak chickpeas),,
Dals,Rajma,120,g,in,,,1,2026-08-25,2026-08-24,25-Aug: -150g D rajma tikki wrap,,
Fruit,Strawberry,0,g,out,,,1,2026-09-11,2026-09-11,11-Sep: strawberry 0,,
Spice,Whole dry chilli,50,g,in,,,1,2026-09-10,2026-09-10,10-Sep order — NEW,,
Staple,Cashew,20,g,in,,,1,2026-09-24,2026-09-11,24-Sep end (Shunyam definitive count),,
Dairy,Amul butter,0,g,out,,,1,2026-09-19,2026-09-12,16-Sep: removed — not in perishable count,,
Fruit,Kiwi,0,pc,out,,,1,2026-09-16,2026-09-12,09-16: -1pc B cut kiwi,,
Fruit,Yellaki banana (g),0,g,out,,,1,2026-09-19,2026-09-18,16-Sep: removed — not in perishable count,,
Vegetable,Cauliflower,0,pc,out,,,1,2026-09-24,2026-09-18,24-Sep: 0 (operator),,
Vegetable,Green capsicum,0,pc,out,,,1,2026-09-23,2026-09-18,23-Sep: not in perishable overwrite,,
Grains,Atta,1500,g,in,,,1,2026-09-24,2026-09-23,24-Sep end (Shunyam definitive count),,
Vegetable,Coriander,80,g,in,,,1,2026-09-24,,24-Sep end (Shunyam definitive count),,
Dairy,Yogurt,0,g,out,,,1,2026-09-23,,23-Sep: not in perishable overwrite,,
Meat,Tofu,0,g,out,,,1,2026-09-23,,23-Sep: not in perishable overwrite,,
Condiment,Hershey's chocolate syrup,0,g,out,,,1,2026-09-23,,23-Sep perishable overwrite,,
Condiment,Cold pressed mustard oil,15,ml,in,,,1,2026-09-23,,23-Sep perishable overwrite,,
Grains,Multi millet noodles,0,g,out,,,1,2026-09-23,,23-Sep perishable overwrite,,
Fruit,Fruits,0,g,out,,,1,2026-09-23,,23-Sep perishable overwrite,,
Meat,Mutton,0,g,out,,,1,2026-09-24,,24-Sep end (Shunyam definitive count),,
Vegetable,Ooty beetroot,0,g,out,,,1,2026-09-24,,24-Sep: removed (operator),,
Vegetable,Mint,100,g,in,,,1,2026-09-24,,24-Sep order,,
Spice,Bisi bele bath powder,100,g,in,,,1,2026-09-24,,24-Sep order,,
Condiment,Tamarind,200,g,in,,,1,2026-09-24,,24-Sep order,,
Dairy,Akshayakalpa milk,500,ml,in,,,1,2026-09-24,,24-Sep order,,
Spice,Sambar powder,150,g,in,,,1,2026-09-24,,24-Sep end (Shunyam definitive count),,
Grains,Pasta,200,g,in,,,1,2026-09-24,,24-Sep end (Shunyam definitive count),,
Staple,Walnuts,200,g,in,,,1,2026-09-24,,24-Sep end (Shunyam definitive count),,
Staple,Millet pancake chocolate,100,g,in,,,1,2026-09-24,,24-Sep end (Shunyam definitive count),,
Grains,Red rice,500,g,in,,,1,2026-09-24,,24-Sep end (Shunyam definitive count),,
Dals,Green moong dal split,250,g,in,,,1,2026-09-24,,24-Sep end (Shunyam definitive count),,
