Soozy & Munz,,,,,,,,,,,,
Current stock · 2 on record,,,,,,,,,,,,
Category,Item,Quantity,Unit,Status,Est,Verify,Factor,Last checked,Last entered,Note,Expiry,Bought
Vegetable,Cabbage,0.5,pc,in,yes,,1.11,2026-09-23,2026-09-19,23-Sep perishable overwrite,,
Vegetable,Carrot,505,g,in,,,1.65,2026-09-24,2026-09-19,24-Sep order,,
Vegetable,Coriander,50,g,in,,,100,2026-09-23,2026-09-18,23-Sep perishable overwrite,,
Vegetable,Cucumber,0,pc,out,,,1.13,2026-09-24,2026-09-19,09-24: -0.5pc L salad,,
Vegetable,Green beans,0,g,out,,,0.41,2026-08-12,2026-08-12,Not in 12-Aug Bhavya overwrote — smart-list check result (perishable count) — zeroed (overwrite),,
Vegetable,Bell pepper,0,g,out,,,0.5,2026-09-18,2026-09-18,22-Sep count (post-dinner); oregano+oyster/fish sauce same as before,,
Vegetable,Lettuce,100,g,in,,,0.4,2026-09-23,2026-09-09,23-Sep perishable overwrite,,
Staple,Red label tea,170,g,in,,,,2026-09-19,2026-09-19,16-Sep perishable overwrite (operator),,
Condiment,Honey (Apis multifloral),200,g,in,,,,2026-09-10,2026-08-08,10-Sep: honey 200g,,
Dairy,Ghee (Akshayakalpa),0,g,out,,,,2026-08-08,2026-08-08,"Merged into ""Ghee"" during 8-Aug mega count",,
Dairy,Milky Mist greek yogurt,0,g,out,,,,2026-09-23,2026-09-22,23-Sep: not in perishable overwrite,,
Dairy,Milk,350,ml,in,,,,2026-09-24,2026-09-22,09-24: -150ml B oatmeal,,
Dals,Kala chana,670,g,in,,,,2026-09-21,2026-09-19,21-Sep: kala chana 670g,,
Dals,Rajma,180,g,in,,,,2026-09-19,2026-09-19,16-Sep perishable overwrite (operator),,
Meat,Eggs,26,pc,in,,,,2026-09-24,2026-09-18,09-24: -10pc B boil eggs+whites,,
Fruit,Blueberries,0,g,out,,,,2026-07-15,2026-06-17,not in 15-Jul Bhavya overwrote — smart-list check result (perishable count) (expected missing),,
Fruit,Dates,0,g,out,,,,2026-07-04,2026-06-17,cleared - not in 8-Jul reset count,,
Grains,Aashirvaad atta,4400,g,in,,,,2026-09-03,2026-08-08,03-Sep: -120g D 3 rotis,,
Grains,Brown rice,1250,g,in,,,,2026-09-21,2026-08-12,21-Sep: corrected,,
Grains,Poha (Tata Sampann),0,pack,out,,,,2026-07-04,2026-06-24,cleared - not in 8-Jul reset count,,
Grains,Sooji/rava (Aashirvaad),1000,g,in,yes,,,2026-09-19,2026-09-19,19-Sep order,,
Grains & pantry,Whey protein,100,g,in,,,,2026-09-23,2026-08-11,23-Sep perishable overwrite,,
Oil,Light olive oil (Del Monte),0,ml,out,,,,2026-09-07,2026-09-07,7-Sep: removed — keeping only Del Monte extra virgin,,
Pantry,Peanut butter (Whole Truth),290,g,in,,,,2026-09-12,2026-08-13,12-Sep: merged peanut butter (220+70),,
Protein,Sausages,0,g,out,,,,2026-07-04,2026-06-24,cleared - not in 8-Jul reset count,,
Spice,Dhaniya / haldi / spice jars,0,pc,out,,,,2026-07-04,2026-06-24,cleared - not in 8-Jul reset count,,
Spice,Pepper grinder + cloves + elaichi + fennel,0,g,out,,,,2026-09-01,2026-09-01,1-Sep: restored to 0 — a fennel-seeds entry had wrongly landed on this combined row,,
Spice,Salt,350,g,in,,,,2026-09-19,2026-09-19,16-Sep perishable overwrite (operator),,
Spice,Sambar powder (Aachi),100,g,in,yes,,,2026-09-19,2026-09-19,19-Sep order,,
Total items,,=COUNTA(B5:B176),,,,,,,,,,
In stock,,"=COUNTIF(E5:E176,""in"")",,,,,,,,,,
Oil,Olive oil,100,ml,in,,,1,2026-09-23,2026-09-07,23-Sep perishable overwrite,,
Grains,Rice (sonamasuri),0,packet,out,,,1,2026-08-08,2026-08-08,"Merged into ""Sona masoori rice (Tattva)"" during 8-Aug mega count",,
Oil,Cow ghee,0,bottle,out,,,1,2026-08-08,2026-08-08,"Merged into ""Ghee"" during 8-Aug mega count",,
Spice,Coriander seeds,85,g,in,,,1,2026-09-19,2026-09-19,16-Sep perishable overwrite (operator),,
Spice,Dhaniya powder,350,g,in,,,1,2026-09-19,2026-09-19,16-Sep perishable overwrite (operator),,
Spice,Tej patta,30,g,in,,,1,2026-09-19,2026-09-19,16-Sep perishable overwrite (operator),,
Spice,Cloves,30,g,in,,,1,2026-09-19,2026-09-19,16-Sep perishable overwrite (operator),,
Spice,Rasam powder,80,g,in,,,1,2026-09-19,2026-09-19,16-Sep perishable overwrite (operator),,
Spice,Meat masala,70,g,in,,,1,2026-09-19,2026-09-19,16-Sep perishable overwrite (operator),,
Spice,Elaichi,20,g,in,,,1,2026-09-19,2026-09-19,16-Sep perishable overwrite (operator),,
Spice,Haldi,327,g,in,,,1,2026-09-12,2026-08-10,12-Sep: merged duplicate rows into one (327g),,
Grains & pantry,Biryani rice,0,g,out,,,1,2026-07-04,2026-07-04,cleared - not in 8-Jul reset count,,
Spice,Chilli flakes,50,g,in,,,1,2026-09-23,2026-09-23,23-Sep perishable overwrite,,
Spice,Oregano,15,g,in,,,1,2026-09-19,2026-09-19,16-Sep perishable overwrite (operator),,
Snacks & misc,Sugar free cookies,0,pack,out,,,1,2026-07-04,2026-07-04,cleared - not in 8-Jul reset count,,
Snacks & misc,Digestive biscuits,0,packet,out,yes,,1,2026-08-01,2026-08-01,Not in the 1-Aug master count — cleared to 0 (was 1 packet),,
Spice,Chicken masala,20,g,in,,,1,2026-09-19,2026-09-19,16-Sep perishable overwrite (operator),,
Herb,Basil,50,g,in,,,1,2026-09-23,2026-09-18,23-Sep perishable overwrite,,
Vegetable,Beetroot,0,g,out,,,1,,2026-07-04,cleared - not in 8-Jul reset count,,
Vegetable,Brinjal,0,g,out,,,1,,2026-07-04,cleared - not in 8-Jul reset count,,
Vegetable,Broccoli,100,g,in,yes,,1,2026-09-23,2026-09-19,23-Sep perishable overwrite,,
Vegetable,Curry leaves,50,g,in,,,50,2026-09-24,2026-09-19,24-Sep order,,
Vegetable,Dill,0,g,out,,,1,2026-08-12,2026-08-12,12-Aug Wed: L dressing,,
Vegetable,Garlic,175,g,in,,,1,2026-09-24,2026-09-19,24-Sep order,,
Vegetable,Ginger,170,g,in,,,1,2026-09-24,2026-09-19,24-Sep order,,
Vegetable,Green chilli,100,g,in,,,1,2026-09-24,2026-09-18,24-Sep order,,
Vegetable,Lemon,104,g,in,,,1,2026-09-24,2026-09-23,24-Sep order,,
Herb,Mint,0,g,out,,,100,2026-09-02,2026-09-02,2-Sep Bhavya overwrote — smart-list check result (EOD perishable count): not in the count (was 50g),,
Vegetable,Onion,1000,g,in,,,1,2026-09-23,2026-09-23,23-Sep perishable overwrite,,
Vegetable,Pumpkin,0,g,out,,,1,2026-09-19,2026-09-19,16-Sep: removed — not in perishable count,,
Vegetable,Spring onion,250,g,in,,,1,2026-09-24,2026-09-18,24-Sep order,,
Vegetable,Tomato,506,g,in,,,1,2026-09-24,2026-09-19,24-Sep order,,
Beverage,3 Roses tea,0,box,out,yes,,1,2026-08-08,2026-08-08,"Merged into ""Tea powder (open)"" during 8-Aug mega count",,
Beverage,Blue Tokai coffee (Attikan),100,g,in,,,1,2026-09-05,2026-09-05,5-Sep perishable overwrite (Bhavya),,
Beverage,Blue Tokai coffee (choco-nutty),0,g,out,,,1,2026-08-08,2026-08-08,"Merged into ""Blue Tokai coffee"" during 8-Aug mega count",,
Beverage,Coconut water (Coco Fresh),0,pc,out,,,1,,2026-07-04,cleared - not in 8-Jul reset count,,
Beverage,Ground coffee,0,pc,out,,,1,2026-08-08,2026-08-08,"Merged into ""Blue Tokai coffee"" during 8-Aug mega count",,
Beverage,Hot chocolate powder,0,g,out,,,1,2026-08-08,2026-08-08,Not in 8-Aug mega inventory — zeroed (overwrite),,
Fruit,Orange,3,pc,in,,,1,2026-09-23,2026-09-16,23-Sep perishable overwrite,,
Condiment,American mustard (Veeba),0,g,out,,,1,2026-08-08,2026-08-08,"Merged into ""Mustard sauce"" during 8-Aug mega count",,
Condiment,Apricot jam (Darbo),100,g,in,,,1,2026-08-26,2026-08-08,"26-Aug: restored — wrongly matched as ""beans"" (jam, not a legume)",,
Condiment,Dark soy sauce,80,ml,in,,,1,2026-09-01,2026-09-01,1-Sep: set to 80ml (liquid — unit kept as ml),,
Vegetable,Garlic paste (Mothers Recipe),0,g,out,,,1,2026-08-08,2026-08-08,"Merged into ""Ginger garlic paste"" during 8-Aug mega count",,
Vegetable,Ginger paste,0,pc,out,,,1,2026-08-08,2026-08-08,"Merged into ""Ginger garlic paste"" during 8-Aug mega count",,
Vegetable,Ginger paste (Dabur),0,g,out,,,1,2026-08-08,2026-08-08,"Merged into ""Ginger garlic paste"" during 8-Aug mega count",,
Condiment,Lemon & dates achaar (Ruchi),0,pc,out,,,1,,2026-07-04,cleared - not in 8-Jul reset count,,
Condiment,Oyster sauce,0,pc,out,,,1,,2026-07-04,cleared - not in 8-Jul reset count,,
Condiment,Oyster sauce (Pantai),0,ml,out,,,1,,2026-07-04,cleared - not in 8-Jul reset count,,
Condiment,Smokey BBQ sauce (Veeba),50,ml,in,,,1,2026-08-08,2026-08-08,8-Aug MEGA inventory (full overwrite),,
Condiment,Spicy gherkins (Neo),0,bottle,out,,,1,2026-08-08,2026-08-08,Not in 8-Aug mega inventory — zeroed (overwrite),,
Condiment,Tamarind concentrate,80,g,in,,,1,2026-09-19,2026-09-19,16-Sep perishable overwrite (operator),,
Condiment,Del Monte tomato ketchup,1250,g,in,,,1,2026-09-14,2026-08-08,14-Sep: merged duplicate Del Monte tomato ketchup rows (pc converted at ~1g) = 1250g,,
Condiment,Zero-fat BBQ (Veeba),0,pc,out,,,1,2026-08-08,2026-08-08,"Merged into ""Smokey BBQ sauce (Veeba)"" during 8-Aug mega count",,
Dairy,Cow milk,0,ml,out,,,1,2026-09-19,2026-09-18,16-Sep: removed — not in perishable count,,2026-08-06
Dairy,Akshayakalpa greek yogurt,0,g,out,,,1,2026-09-23,2026-09-22,23-Sep: not in perishable overwrite,,2026-08-06
Dairy,Greek yogurt / curd,0,g,out,,,1,2026-09-09,2026-09-09,9-Sep: all yogurt removed,,
Meat,Paneer,0,g,out,,,1,2026-08-01,2026-08-01,Not in the 1-Aug master count — cleared to 0 (was 200 g),,
Dairy,Probiotic curd (Turmerica),0,pc,out,,,1,2026-09-09,2026-09-09,9-Sep: all yogurt removed,,
Dairy,Set curd (Akshayakalpa),0,pc,out,,,1,2026-08-08,2026-08-08,"Merged into ""Greek yogurt (Akshayakalpa plain)"" during 8-Aug mega count",,
Dairy,Table butter (Milky Mist),0,pack,out,,,1,2026-08-08,2026-08-08,"Merged into ""Butter (Milky Mist)"" during 8-Aug mega count",,
Dals,Toor dal (Tata Sampann),500,g,in,,,1,2026-09-19,2026-09-19,19-Sep order,,
Grains & pantry,Atta (Aashirvaad multigrain),0,g,out,,,1,2026-08-08,2026-08-08,"Merged into ""Aashirvaad atta"" during 8-Aug mega count",,
Vegetable,Ash gourd,0,g,out,,,1,,2026-07-04,cleared - not in 8-Jul reset count,,
Fruit,Banana,0,g,out,,,1,2026-08-08,2026-08-08,Not in 8-Aug mega inventory — zeroed (overwrite),,
Vegetable,Bottle gourd,0,g,out,,,1,,2026-07-04,cleared - not in 8-Jul reset count,,
Vegetable,Button mushroom,50,g,in,,,1,2026-09-24,2026-09-07,09-24: -150g D mushroom salad,,
Vegetable,Cauliflower,0,g,out,,,1,2026-08-01,2026-08-01,Not in the 1-Aug master count — cleared to 0 (was 288 g),,
Fruit,Dried cranberry,0,g,out,,,1,,2026-07-04,cleared - not in 8-Jul reset count,,
Vegetable,Drumstick (cut),0,g,out,,,1,2026-09-19,2026-09-19,16-Sep: removed — not in perishable count,,
Vegetable,Drumstick (pods),0,g,out,,,1,,2026-07-04,cleared - not in 8-Jul reset count,,
Vegetable,Dry coconut,0,pc,out,,,1,2026-09-02,2026-09-02,2-Sep Bhavya overwrote — smart-list check result (EOD perishable count): not in the count (was 1pc),,
Vegetable,Lady's finger,0,g,out,,,1,2026-07-15,2026-07-04,not in 15-Jul Bhavya overwrote — smart-list check result (perishable count) (expected missing),,
Spice,Methi (fenugreek),0,g,out,,,250,,2026-07-04,cleared - not in 8-Jul reset count,,
Fruit,Papaya,0,g,out,,,1,2026-09-02,2026-09-02,2-Sep Bhavya overwrote — smart-list check result (EOD perishable count): not in the count (was 800g),,
Vegetable,Parwal,0,g,out,,,1,,2026-07-04,cleared - not in 8-Jul reset count,,
Vegetable,Potato,1000,g,in,,,1,2026-09-24,2026-09-15,24-Sep order,,
Vegetable,Red cabbage,0.5,pc,in,,,1,2026-09-23,2026-09-19,23-Sep perishable overwrite,,
Vegetable,Romanesco,0,g,out,,,1,,2026-07-04,cleared - not in 8-Jul reset count,,
Vegetable,Spinach/Palak,0,g,out,,,1,,2026-07-04,cleared - not in 8-Jul reset count,,
Fruit,Tender coconut (chopped),0,g,out,,,1,,2026-07-04,cleared - not in 8-Jul reset count,,
Fruit,Watermelon (cut),0,g,out,,,1,2026-08-08,2026-08-08,Not in 8-Aug mega inventory — zeroed (was mis-mapped from muskmelon),,
Vegetable,Yellow capsicum,0,pc,out,,,1,2026-08-08,2026-08-08,"Merged into ""Green capsicum"" during 8-Aug mega count",,
Vegetable,Zucchini,3,pc,in,,,1,2026-09-23,2026-09-19,23-Sep perishable overwrite,,
Grains & pantry,Idli/dosa batter (iD),500,g,in,,,1,2026-09-15,2026-09-15,15-Sep order,,
Fruit,Apple / pomegranate,0,pc,out,,,1,2026-08-12,2026-08-12,12-Aug Wed: L cut fruit,,
Fruit,Cherries,0,g,out,,,1,,2026-07-04,cleared - not in 8-Jul reset count,,
Fruit,Dragon fruit,0,pc,out,,,1,2026-09-16,2026-09-05,16-Sep: removed — not in perishable count,,
Fruit,Grapes,0,g,out,,,1,,2026-07-04,cleared - not in 8-Jul reset count,,
Fruit,Green mango,0,pc,out,,,1,,2026-07-04,cleared - not in 8-Jul reset count,,
Fruit,Guava / pear,0,pc,out,,,1,,2026-07-04,cleared - not in 8-Jul reset count,,
Condiment,Jamun,0,g,out,,,1,,2026-07-04,cleared - not in 8-Jul reset count,,
Fruit,Oranges / pomegranate,0,g,out,,,1,2026-08-08,2026-08-08,Not in 8-Aug mega inventory — zeroed (overwrite),,
Fruit,Pear,0,pc,out,,,1,2026-09-12,2026-09-09,09-12: -2pc L cut pears,,
Grains & pantry,Aashirvaad atta (niacin),0,g,out,,,1,2026-08-08,2026-08-08,"Merged into ""Aashirvaad atta"" during 8-Aug mega count",,
Grains & pantry,Atta (Aashirvaad High Fibre Multigrains),0,g,out,,,1,,2026-07-04,cleared - not in 8-Jul reset count,,
Grains & pantry,Rice flour (24 Mantra),10,g,in,,,1,2026-09-08,2026-08-08,09-08: -120g D neer dosa x6,,
Nuts,Almonds,0,g,out,,,1,2026-09-10,2026-08-25,10-Sep: almonds removed,,
Grains & pantry,Atta (whole wheat),0,g,out,,,1,2026-08-08,2026-08-08,"Merged into ""Aashirvaad atta"" during 8-Aug mega count",,
Dairy,Coconut milk,0,ml,out,yes,,1,2026-09-23,2026-09-22,23-Sep: not in perishable overwrite,,
Grains & pantry,Dosa/idli batter,0,g,out,,,1,,2026-07-22,22-Jul discarded,,
Vegetable,Grated coconut,0,g,out,yes,,1,2026-09-18,2026-09-18,18-Sep count (operator),,
Grains,Oats,0,g,out,,,1,2026-09-24,2026-09-16,09-24: -50g B oatmeal,,
Condiment,Peanut butter,100,g,in,,,1,2026-09-19,2026-09-19,16-Sep perishable overwrite (operator),,
Condiment,Sauces & spices,0,mixed,out,,,1,,2026-07-04,cleared - not in 8-Jul reset count,,
Herb,"Basil (fresh, Italian)",0,g,out,,,1,,2026-07-04,29-Aug Bhavya overwrote — smart-list check result: basil removed,,
Herb,Beet greens,0,bunch,out,,,1,,2026-07-04,cleared - not in 8-Jul reset count,,
Herb,Microgreens / seedlings,0,bag,out,,,1,,2026-07-04,cleared - not in 8-Jul reset count,,
Herb,Parsley,100,g,in,,,1,2026-09-23,2026-09-19,23-Sep perishable overwrite,,
Meat,Chicken,0,g,out,,,1,2026-09-18,2026-09-18,22-Sep count (post-dinner); oregano+oyster/fish sauce same as before,,
Meat & fish,Chicken curry cut,0,g,out,,,1,2026-09-09,2026-09-09,9-Sep: chicken removed,,
Meat,Prawns,480,g,in,,,1,2026-09-24,2026-09-22,09-24: -200g L prawn salad,,
Grains & pantry,Atta,0,g,out,,,1,2026-08-08,2026-08-08,"Merged into ""Aashirvaad atta"" during 8-Aug mega count",,
Condiment,Hummus (NOICE Lebanese),0,g,out,,,1,2026-08-13,2026-08-13,(egg-order/deduct mishits reversed),,
Grains & pantry,Idli/dosa batter,0,g,out,,,1,2026-08-08,2026-08-08,"8-Aug after-prep check — expired/discard per Pragna: poha, maida, dosa batter out; opened coconut-milk packs discarded",,
Condiment,Monk fruit sweetener (Metano),0,pc,out,,,1,2026-08-08,2026-08-08,"Merged into ""Monk fruit sweetener"" during 8-Aug mega count",,
Staple,Peanuts,1100,g,in,,,1,2026-09-19,2026-09-19,16-Sep perishable overwrite (operator),,
Nuts,Peanuts (for chutney),0,g,out,,,1,2026-08-08,2026-08-08,"Merged into ""Peanuts"" during 8-Aug mega count",,
Grains & pantry,Quinoa (True Elements),0,g,out,,,1,2026-08-08,2026-08-08,"Merged into ""Quinoa"" during 8-Aug mega count",,
Condiment,Ranch dressing (Veeba),0,ml,out,,,1,2026-08-05,2026-08-05,5-Aug condiment & pantry count — ranch dressing OVER — finished,,
Condiment,"Tamarind (seeded, Whole Farm)",200,g,in,,,1,2026-08-08,2026-08-08,8-Aug MEGA inventory (full overwrite),,
Staple,Yoga Bar muesli,700,g,in,,,1,2026-09-22,2026-09-22,22-Sep order,,
Grains & pantry,Hakka noodles (Master Chow),0,g,out,,,1,,2026-07-04,cleared - not in 8-Jul reset count,,
Pet,Sheba cat food (salmon),0,pack,out,,,1,2026-08-08,2026-08-08,Not in 8-Aug mega inventory — zeroed (overwrite),,2026-08-08
Vegetable,Peeled garlic (pack),0,g,out,,,1,2026-08-12,2026-08-20,20-Aug overwrite: not present,,
Meat & fish,Chicken (open),0,g,out,,,1,2026-09-09,2026-09-09,9-Sep: chicken removed,,
Meat,Fish,900,g,in,,,1,2026-09-23,2026-09-18,23-Sep perishable overwrite,,
Meat & fish,Pork fat,0,g,out,,,1,,2026-07-04,cleared - not in 8-Jul reset count,,
Vegetable,Drumstick,0,pc,out,,,1,,2026-07-04,cleared - not in 8-Jul reset count,,
Condiment,Vinegar,100,ml,in,,,1,2026-08-10,2026-08-10,8-Aug MEGA inventory (full overwrite),,
Dairy,Skyr (Milky Mist),0,pc,out,,,1,2026-08-01,2026-08-01,Not in the 1-Aug master count — cleared to 0 (was 1 pc),,
Vegetable,Beans,250,g,in,,,1,2026-09-23,2026-09-19,23-Sep perishable overwrite,,
Fruit,Coconut chunks,0,g,out,,,1,2026-09-19,2026-09-17,16-Sep: removed — not in perishable count,,
Fruit,Fresh coconut,1,pc,in,,,1,2026-09-23,2026-09-15,23-Sep perishable overwrite,,
Vegetable,Romaine lettuce,0,pc,out,,,1,2026-09-09,2026-09-09,9-Sep: lettuce removed,,
Beverage,Coffee (ground),0,g,out,,,1,2026-08-08,2026-08-08,"Merged into ""Blue Tokai coffee"" during 8-Aug mega count",,
Grains & pantry,Organic flour,0,g,out,,,1,2026-08-08,2026-08-08,"Merged into ""Rice flour (24 Mantra)"" during 8-Aug mega count",,
Grains & pantry,Maida,0,packet,out,yes,,1,2026-08-08,2026-08-08,"Merged into ""Maida (Bhagyalakshmi)"" during 8-Aug mega count",,
Grains,Quinoa,1200,g,in,,,1,2026-09-19,2026-09-19,16-Sep perishable overwrite (operator),,
Grains,Rolled oats,225,g,in,,,1,2026-09-23,2026-09-19,09-23: -75g B oatmeal,,
Nuts,Peanuts (Singh),0,g,out,,,1,2026-08-08,2026-08-08,"Merged into ""Peanuts"" during 8-Aug mega count",,
Staple,Flax seeds,30,g,in,,,1,2026-09-19,2026-09-19,16-Sep perishable overwrite (operator),,
Condiment,Imli (tamarind),0,pack,out,,,1,2026-08-08,2026-08-08,"Merged into ""Tamarind (seeded, Whole Farm)"" during 8-Aug mega count",,
Condiment,Caramel syrup,165,g,in,yes,,1,2026-09-19,2026-09-19,16-Sep perishable overwrite (operator),,
Vegetable,Hariyali Dhaniya,0,g,out,,,1,2026-09-23,2026-09-19,23-Sep: not in perishable overwrite,,
Condiment,Jaggery,250,g,in,,,1,2026-08-08,2026-08-08,8-Aug MEGA inventory (full overwrite),,
Grains & pantry,Rava idli mix (MTR),500,g,in,,,1,2026-08-08,2026-08-08,8-Aug MEGA inventory (full overwrite),,
Dairy,Probiotic Greek yogurt,0,g,out,,,,2026-08-08,2026-08-08,"Merged into ""Greek yogurt (Akshayakalpa plain)"" during 8-Aug mega count",,
Staple,White sesame seeds (Whole Farm),44,g,in,,,,2026-08-12,2026-08-12,"27-Aug Bhavya overwrote — smart-list check result: category confirmed Staple (was Staple) — shelf-stable seed, must not be treated as fresh dairy",,
Spice,Fennel seeds,30,g,in,,,,2026-09-19,2026-09-19,16-Sep perishable overwrite (operator),,
Spice,Jeera,50,g,in,,,,2026-09-19,2026-09-19,16-Sep perishable overwrite (operator),,
Spice,Black pepper (whole),144,g,in,,,,2026-08-11,2026-08-11,8-Aug MEGA inventory (full overwrite),,
Dals,Chana dal,235,g,in,,,,2026-09-19,2026-09-19,16-Sep perishable overwrite (operator),,
Condiment,Coconut oil,50,ml,in,yes,,,2026-09-23,2026-09-19,23-Sep perishable overwrite,,
Staple,Walnuts,40,g,in,,,,2026-09-19,2026-09-19,16-Sep perishable overwrite (operator),,
Grains & pantry,Gulab jamun mix,0,packet,out,yes,,,2026-08-01,2026-08-01,Not in the 1-Aug master count — cleared to 0 (was 1 packet),,
Spice,Chilli powder,180,g,in,,,,2026-09-19,2026-09-19,16-Sep perishable overwrite (operator),,
Condiment,Sugar,994,g,in,,,,2026-08-11,2026-08-11,8-Aug MEGA inventory (full overwrite),,
Grains & pantry,Maggi,0,pack,out,yes,,,2026-08-01,2026-08-01,Not in the 1-Aug master count — cleared to 0 (was 1 pack),,
Fruit,Raisins,50,g,in,,,,2026-09-23,2026-08-08,23-Sep perishable overwrite,,
Dairy,Yogurt,0,tub,out,,,,2026-08-01,2026-08-01,Not in the 1-Aug master count — cleared to 0 (was 1.5 tub),,
Grains & pantry,Boiled rice,1220,g,in,,,,2026-08-12,2026-08-12,12-Aug Wed: L Mediterranean rice bowl -180g,,
Grains & pantry,Sona masoori rice,1550,g,in,,,,2026-09-23,2026-09-23,09-23: -225g D egg fried rice,,
Grains,Indrayani rice,380,g,in,,,,2026-09-19,2026-09-19,16-Sep perishable overwrite (operator),,
Vegetable,Iceberg lettuce,0,g,out,,,,2026-09-23,2026-09-19,23-Sep: not in perishable overwrite,,
Vegetable,Bok choy,0,g,out,yes,,,2026-07-15,,not in 15-Jul Bhavya overwrote — smart-list check result (perishable count) (expected missing),,
Staple,Sun-dried tomatoes,60,g,in,,,,2026-09-23,2026-08-08,23-Sep: restored (operator),,
Condiment,Umami paste,0,pack,out,yes,,,2026-08-01,2026-08-01,Not in the 1-Aug master count — cleared to 0 (was 1 pack),,
Condiment,Mustard sauce,150,g,in,,,,2026-09-19,2026-09-19,16-Sep perishable overwrite (operator),,
Condiment,Tabasco,50,ml,in,,,,2026-08-08,2026-08-08,8-Aug MEGA inventory (full overwrite),,
Beverage,Red Bull energy drink,0,pc,out,,,,2026-08-01,2026-08-01,Not in the 1-Aug master count — cleared to 0 (was 2 pc),,
Snacks & misc,Troovy protein veggie chips,0,g,out,,,,2026-08-01,2026-08-01,Not in the 1-Aug master count — cleared to 0 (was 70 g),,
Non-food,Origami toilet tissue,0,roll,out,,,,2026-08-08,2026-08-08,Not in 8-Aug mega inventory — zeroed (overwrite),,
Dairy,Dosa batter,0,g,out,,,,2026-07-19,2026-07-22,22-Jul discarded,,
Pantry,Broken cashew,0,g,out,,,,2026-08-08,2026-08-08,"Merged into ""Cashews"" during 8-Aug mega count",,
Bread & bakery,Bread,0,g,out,,,,2026-07-19,,not in 19-Jul (Sun) Bhavya overwrote — smart-list check result (perishable count),,
Condiment,Apple cider vinegar,299,ml,in,,,,2026-09-24,2026-09-19,09-24: -1ml L cut apple,,
Condiment,White tahini paste,200,g,in,,,,2026-08-08,2026-08-08,8-Aug MEGA inventory (full overwrite),,
Fruit,Mandarin orange,0,pc,out,,,1,2026-08-01,2026-08-01,Not in the 1-Aug master count — cleared to 0 (was 4 pc),,
Vegetable,Cherry tomato,50,g,in,,,1,2026-09-23,2026-09-19,23-Sep perishable overwrite,,
Staple,Whole wheat bread,0,pc,out,,,1,2026-08-01,2026-08-01,Not in the 1-Aug master count — cleared to 0 (was 7 pc),,
Fruit,Apple,0,pc,out,,,1,2026-09-02,2026-09-02,2-Sep Bhavya overwrote — smart-list check result (EOD perishable count): not in the count (was 2pc),,
Dairy,Epigamia Greek yogurt,0,pc,out,,,1,2026-08-08,2026-08-08,"Merged into ""Greek yogurt (Akshayakalpa plain)"" during 8-Aug mega count",,
Dairy,Greek yogurt (Milky Mist),0,g,out,,,1,2026-08-31,2026-08-26,31-Aug: -60g daily cadence,,
Vegetable,Garlic peeled,0,g,out,,,1,2026-08-08,2026-08-08,"Merged into ""Peeled garlic (pack)"" during 8-Aug mega count",,
Dairy,Butter,0,g,out,,,1,2026-09-19,2026-09-17,16-Sep: removed — not in perishable count,,
Frozen,Frozen green peas,393,g,in,,,1,2026-09-23,2026-09-19,23-Sep: restored (operator),,
Bakery,Walnut raisin sourdough,0,loaf,out,,,1,2026-08-01,2026-08-01,Not in the 1-Aug master count — cleared to 0 (was 290 g),,
Frozen,Frozen sweet corn (Safal),100,g,in,,,1,2026-09-23,2026-09-09,23-Sep: restored (operator),,
Vegetable,Sweet potato,200,g,in,,,1,2026-09-24,2026-09-10,09-24: -300g D boiled sweet potato,,
Beverages,Bisleri water 1L,0,pc,out,,,1,2026-08-01,2026-08-01,Not in the 1-Aug master count — cleared to 0 (was 17 pc),,
Dairy,Greek yogurt (bulk),0,g,out,,,1,2026-08-08,2026-08-08,"Merged into ""Greek yogurt (Akshayakalpa plain)"" during 8-Aug mega count",,
Dairy,Mooz feta,0,g,out,,,1,2026-08-08,2026-08-08,"Merged into ""Feta cheese"" during 8-Aug mega count",,
Dairy,Coconut milk (unsweetened),0,ml,out,,,1,2026-08-12,2026-08-20,20-Aug overwrite: not present,2026-08-04,
Dairy,Feta cheese,0,g,out,,,1,2026-08-12,2026-08-12,Not in 12-Aug Bhavya overwrote — smart-list check result (perishable count) — zeroed (overwrite),,
Vegetable,Thai basil,0,g,out,,,1,2026-08-05,2026-08-05,Not in the 5-Aug Bhavya overwrote — smart-list check result (perishable overwrite) — cleared to 0 (was 34 g),,
Meat,Mackerel,0,g,out,,,1,2026-09-19,2026-09-17,16-Sep: removed — not in perishable count,,
Dairy,Parmesan cheese (Dlecta),0,g,out,,,,2026-09-02,2026-09-02,2-Sep Bhavya overwrote — smart-list check result (EOD perishable count): not in the count (was 110g),,
Frozen,Green peas,0,g,out,,,,2026-08-01,2026-08-01,Not in the 1-Aug master count — cleared to 0 (was 500 g),,
Dairy,Hard cheese,0,g,out,,,,2026-07-29,2026-07-29,= Parmesan (merged) 29-Jul,,
Spice,Kasuri methi,75,g,in,,,,2026-09-19,2026-09-19,16-Sep perishable overwrite (operator),,
Spice,Garam masala,30,g,in,,,,2026-09-19,2026-09-19,16-Sep perishable overwrite (operator),,
Vegetable,Dill (shepu),0,g,out,,,,2026-08-12,2026-08-12,Not in 12-Aug Bhavya overwrote — smart-list check result (perishable count) — zeroed (overwrite),,
Spice,Chaat masala,50,g,in,,,,2026-09-19,2026-09-19,16-Sep perishable overwrite (operator),,
Grains,Besan,500,g,in,,,,2026-09-19,2026-09-19,16-Sep perishable overwrite (operator),,
Dairy,Cream cheese (Dlecta),400,g,in,,,,2026-09-23,2026-09-02,23-Sep: restored (operator),,
Staple,Sichuan chilli oil (MasterChow),200,g,in,,,,2026-08-08,2026-08-08,8-Aug MEGA inventory (full overwrite),,
Spice,Garlic powder,55,g,in,,,,2026-09-19,2026-09-19,16-Sep perishable overwrite (operator),,
Staple,Sliced black olives,450,g,in,,,1,2026-09-23,2026-09-19,23-Sep: restored (operator),,
Dairy,Ragi dosa batter,0,g,out,,expired,1,2026-09-19,2026-08-20,16-Sep: removed — not in perishable count,,
Grains & pantry,White puttu podi,223,g,in,,,1,2026-08-08,2026-08-08,8-Aug MEGA inventory (full overwrite),,
Spice,Sesame seeds,50,g,in,,,1,2026-09-19,2026-09-19,16-Sep perishable overwrite (operator),,
Beverage,Rwanda Superior coffee,0,g,out,,,1,2026-08-08,2026-08-08,"Merged into ""Blue Tokai coffee"" during 8-Aug mega count",,
Beverage,Blue Zinubu coffee,0,g,out,,,1,2026-08-08,2026-08-08,"Merged into ""Blue Tokai coffee"" during 8-Aug mega count",,
Condiment,Kisan chilli peanut thecha chutney,100,g,in,,,1,2026-08-08,2026-08-08,8-Aug MEGA inventory (full overwrite),,
Condiment,Thalassery special pickle,0,bottle,out,,,1,2026-08-08,2026-08-08,Not in 8-Aug mega inventory — zeroed (overwrite),,
Condiment,Other pickles,0,bottle,out,,,1,2026-08-08,2026-08-08,Not in 8-Aug mega inventory — zeroed (overwrite),,
Condiment,Thousand island dressing (Biba),100,g,in,,,1,2026-08-08,2026-08-08,8-Aug MEGA inventory (full overwrite),,
Spice,Open haldi powder,0,g,out,,,1,2026-08-08,2026-08-08,"Merged into ""Haldi"" during 8-Aug mega count",,
Spice,Open red chilli powder,10,g,in,,,1,2026-08-11,2026-08-11,8-Aug MEGA inventory (full overwrite),,
Spice,Dried red chilli (Vedaka),175,g,in,,,1,2026-08-08,2026-08-08,8-Aug MEGA inventory (full overwrite),,
Spice,Open dhaniya powder,0,g,out,,,1,2026-08-08,2026-08-08,"Merged into ""Dhaniya powder"" during 8-Aug mega count",,
Spice,Biryani khada masala,104,g,in,,,1,2026-08-08,2026-08-08,8-Aug MEGA inventory (full overwrite),,
Spice,Manjige menasu,0,g,out,,,1,2026-08-08,2026-08-08,"Merged into ""Mixed spice khada masala"" during 8-Aug mega count",,
Condiment,Ginger garlic paste,340,g,in,,,1,2026-09-22,2026-09-22,22-Sep order,,
Condiment,Korean gochujang sauce,130,g,in,,,1,2026-09-19,2026-09-19,16-Sep perishable overwrite (operator),,
Staple,Cornstarch,100,g,in,,,1,2026-08-08,2026-08-08,8-Aug mega — corn starch 100 g,,
Spice,Dhaniya powder (pack 2),0,g,out,,,1,2026-08-08,2026-08-08,"Merged into ""Dhaniya powder"" during 8-Aug mega count",,
Spice,Dhaniya powder (pack 3),0,g,out,,,1,2026-08-08,2026-08-08,"Merged into ""Dhaniya powder"" during 8-Aug mega count",,
Beverage,Taj Mahal tea (sample),0,g,out,,,1,2026-08-08,2026-08-08,Not in 8-Aug mega inventory — zeroed (overwrite),,
Grains & pantry,Ragi batter,0,g,out,,,1,2026-08-08,2026-08-08,Not in 8-Aug mega inventory — zeroed (overwrite),,
Meat,Marinated meat,0,g,out,,,1,2026-08-24,2026-08-20,24-Aug: -300g D air fried marinated chicken,2026-08-04,
Condiment,Mayonnaise,100,g,in,,,1,2026-08-08,2026-08-08,8-Aug MEGA inventory (full overwrite),,
Staple,Ghee,50,ml,in,,,1,2026-08-08,2026-08-08,8-Aug MEGA inventory (full overwrite),,
Spice,Dhaniya powder (open),0,g,out,,,1,2026-08-08,2026-08-08,12-Sep: merged into Dhaniya powder,,
Grains,Jeera rice,0,g,out,,,1,2026-09-22,2026-09-19,09-22: -75g L jeera rice (4),,
Vegetable,Ginger (bulk),0,g,out,,,1,2026-08-12,2026-08-12,ginger merged into main r69 (count=200g),,
Spice,Biryani spices,100,g,in,,,1,2026-08-08,2026-08-08,8-Aug MEGA inventory (full overwrite) — NEW SKU,,
Grains & pulses,Dry yeast,100,g,in,,,1,2026-08-08,2026-08-08,8-Aug MEGA inventory (full overwrite) — NEW SKU,,
Spice,Black pepper with salt,100,g,in,,,1,2026-08-08,2026-08-08,8-Aug MEGA inventory (full overwrite) — NEW SKU,,
Spice,Haldi (open),0,g,out,,,1,2026-08-08,2026-08-08,12-Sep: merged into Haldi,,
Dals,Moong dal,370,g,in,,,1,2026-08-08,2026-08-08,8-Aug MEGA inventory (full overwrite) — NEW SKU,,
Fruit,Muskmelon,0,pc,out,,,1,2026-09-16,2026-09-11,16-Sep: removed — not in perishable count,,
Dairy,NOICE high protein eggs,0,pc,out,,,,2026-08-24,2026-08-24,eggs consolidated into single Meat entry — removed on Bhavya instruction 24-Aug (was 14pc),,
Vegetable,Italian basil,0,g,out,,,,2026-08-12,2026-08-12,Not in 12-Aug Bhavya overwrote — smart-list check result (perishable count) — zeroed (overwrite),,
Staple,Kabuli chana (Whole Farm),200,g,in,,,,2026-09-23,2026-08-10,09-23: -150g L med chickpea salad,,
Staple,MasterChow chilli vinegar,170,ml,ok,,,,2026-08-11,2026-08-11,,,
Meat,FreshToHome prawns,0,g,out,,,,2026-08-12,2026-08-12,12-Aug Wed: L Mediterranean shrimp salad -250g,,
Staple,KLF Coconad coconut oil,1400,ml,in,,,,2026-09-14,2026-09-14,14-Sep order,,
Staple,Creatine,250,g,in,,,,2026-08-12,2026-08-12,12-Aug Amazon Now order: Isopure creatine monohydrate 250g unflavoured,,
Dairy,Greek yogurt (EXPIRED — 4x100g),0,g,out,,,,2026-08-26,2026-08-26,26-Aug: EXPIRED stock discarded on instruction (was 400g),,
Snacks,Kerala garlic mixture (VS Mani),200,g,in,,,,2026-08-22,2026-08-22,22-Aug snacks order (EST 200g),,
Vegetable,Shallots,0,g,out,,,1,2026-09-16,2026-09-15,16-Sep: removed — not in perishable count,,
Grains,Matta rice,1800,g,in,,,1,2026-09-22,2026-09-19,09-22: -200g D kerala red rice,,
Grains,Little Millets,500,g,in,,,1,2026-09-19,2026-09-19,16-Sep perishable overwrite (operator),,
Spice,Nutmeg powder,50,g,in,,,1,2026-09-19,2026-09-19,16-Sep perishable overwrite (operator),,
Spice,Dry mango powder (amchur),50,g,in,,,1,2026-08-31,2026-08-31,31-Aug order — NEW row,,
Spice,Wieli,50,g,in,,,1,2026-08-31,2026-08-31,31-Aug order — NEW row,,
Spice,Cinnamon powder,80,g,in,,,1,2026-09-19,2026-09-19,16-Sep perishable overwrite (operator),,
Spice,Elaichi (cardamom),15,g,in,,,1,2026-08-31,2026-08-31,31-Aug order — NEW row,,
Spice,Fennel seeds (saunf),50,g,in,,,1,2026-09-01,2026-09-01,1-Sep Bhavya overwrote — smart-list check result — NEW row,,
Frozen,Frozen peas,0,g,out,,,1,2026-09-19,2026-09-02,16-Sep: removed — not in perishable count,,
Dairy,Nandini GoodLife milk,0,ml,out,,,1,2026-09-19,2026-09-05,16-Sep: removed — not in perishable count,,
Fruit,Raw banana,0,pc,out,,,1,2026-09-16,2026-09-05,16-Sep: removed — not in perishable count,,
Spice,Black pepper powder,50,g,in,,,1,2026-09-08,2026-09-08,8-Sep order — NEW row,,
Vegetable,Celery,200,g,in,,,1,2026-09-23,2026-09-10,23-Sep perishable overwrite,,
Grains,Protein powder,100,g,in,,,1,2026-09-11,2026-09-11,11-Sep: protein powder 100g — NEW,,
Dairy,Akshayakalpa milk,0,ml,out,,,1,2026-09-19,2026-09-14,16-Sep: removed — not in perishable count,,
Staple,Blue tokai coffee,360,g,in,,,1,2026-09-19,2026-09-19,16-Sep perishable overwrite (operator),,
Staple,Coffee,150,g,in,,,1,2026-09-19,2026-09-19,16-Sep perishable overwrite (operator),,
Frozen,Frozen sweet corn,0,g,out,,,1,2026-09-23,2026-09-19,23-Sep: not in perishable overwrite,,
Meat,Pork sausage,0,g,out,,,1,2026-09-23,2026-09-19,23-Sep: not in perishable overwrite,,
Meat,Frozen mackerel,0,g,out,,,1,2026-09-23,2026-09-19,23-Sep: not in perishable overwrite,,
Condiment,Tomato ketchup,175,g,in,,,1,2026-09-19,2026-09-19,16-Sep perishable overwrite (operator),,
Dairy,Table butter salted,100,g,in,,,1,2026-09-23,2026-09-19,23-Sep: restored (operator),,
Staple,Mushroom coffee,225,g,in,,,1,2026-09-19,2026-09-19,16-Sep perishable overwrite (operator),,
Dairy,Parmesan extra hard cheese,110,g,in,,,1,2026-09-23,2026-09-19,23-Sep: restored (operator),,
Staple,Jennessee Whiskey coffee,250,g,in,,,1,2026-09-19,2026-09-19,16-Sep perishable overwrite (operator),,
Staple,Arabica coffee Marocchissimo,250,g,in,,,1,2026-09-19,2026-09-19,16-Sep perishable overwrite (operator),,
Staple,Arabica coffee Blue danube,500,g,in,,,1,2026-09-19,2026-09-19,16-Sep perishable overwrite (operator),,
Staple,Arabica coffee Rwanda superior,250,g,in,,,1,2026-09-19,2026-09-19,16-Sep perishable overwrite (operator),,
Dairy,Cream cheese,0,g,out,,,1,2026-09-23,2026-09-19,23-Sep: not in perishable overwrite,,
Vegetable,Drumstick cut,125,g,in,,,1,2026-09-23,2026-09-19,23-Sep perishable overwrite,,
Vegetable,Pumpkin yellow cut,200,g,in,,,1,2026-09-23,2026-09-19,23-Sep: restored (operator),,
Fruit,Mini orange,0,g,out,,,1,2026-09-23,2026-09-19,23-Sep: not in perishable overwrite,,
Condiment,Unsweetened peanut butter,50,g,in,,,1,2026-09-19,2026-09-19,16-Sep perishable overwrite (operator),,
Condiment,Sichuan chilli oil,160,g,in,,,1,2026-09-19,2026-09-19,16-Sep perishable overwrite (operator),,
Condiment,Vanilla flavour essence,150,ml,in,,,1,2026-09-19,2026-09-19,16-Sep perishable overwrite (operator),,
Condiment,Apricot reduced sugar jam,120,g,in,,,1,2026-09-19,2026-09-19,16-Sep perishable overwrite (operator),,
Dairy,Pasteurized table butter sachet,40,g,in,,,1,2026-09-23,2026-09-19,23-Sep: restored (operator),,
Condiment,Thousand island dressing,250,g,in,,,1,2026-09-19,2026-09-19,16-Sep perishable overwrite (operator),,
Condiment,Smokey barbecue sauce,100,g,in,,,1,2026-09-19,2026-09-19,16-Sep perishable overwrite (operator),,
Condiment,Chilli vinegar,150,ml,in,,,1,2026-09-19,2026-09-19,16-Sep perishable overwrite (operator),,
Condiment,Tabasco Pepper sauce,20,ml,in,,,1,2026-09-19,2026-09-19,16-Sep perishable overwrite (operator),,
Condiment,Classic ranch dressing,60,g,in,,,1,2026-09-19,2026-09-19,16-Sep perishable overwrite (operator),,
Condiment,Sliced jalapeno peppers,180,g,in,,,1,2026-09-19,2026-09-19,16-Sep perishable overwrite (operator),,
Vegetable,Sun dried tomatoes,0,g,out,,,1,2026-09-23,2026-09-19,23-Sep: not in perishable overwrite,,
Condiment,Fish sauce,20,ml,in,,,1,2026-09-19,2026-09-19,16-Sep perishable overwrite (operator),,
Condiment,Dark soya sauce,20,ml,in,,,1,2026-09-19,2026-09-19,16-Sep perishable overwrite (operator),,
Condiment,Synthetic vinegar,180,g,in,,,1,2026-09-19,2026-09-19,16-Sep perishable overwrite (operator),,
Herb,Rosemary leaves,0,g,out,,,1,2026-09-23,2026-09-19,23-Sep: not in perishable overwrite,,
Vegetable,Celery leaves,0,g,out,,,1,2026-09-23,2026-09-19,23-Sep: not in perishable overwrite,,
Herb,Parsley curl,0,g,out,,,1,2026-09-23,2026-09-19,23-Sep: not in perishable overwrite,,
Herb,Basil leaves,0,g,out,,,1,2026-09-23,2026-09-19,23-Sep: not in perishable overwrite,,
Vegetable,Green chillies,0,g,out,,,1,2026-09-23,2026-09-19,23-Sep: not in perishable overwrite,,
Vegetable,Coriander leaves,0,g,out,,,1,2026-09-23,2026-09-19,23-Sep: not in perishable overwrite,,
Grains,Double roasted Sooji Rava,1000,g,in,,,1,2026-09-19,2026-09-19,16-Sep perishable overwrite (operator),,
Spice,Red chilli whole,200,g,in,,,1,2026-09-19,2026-09-19,16-Sep perishable overwrite (operator),,
Spice,Bay leaves,50,g,in,,,1,2026-09-19,2026-09-19,16-Sep perishable overwrite (operator),,
Dals,Green moong whole,500,g,in,,,1,2026-09-19,2026-09-19,16-Sep perishable overwrite (operator),,
Spice,Super garam masala,200,g,in,,,1,2026-09-19,2026-09-19,16-Sep perishable overwrite (operator),,
Grains,Rava idli,480,g,in,,,1,2026-09-19,2026-09-19,16-Sep perishable overwrite (operator),,
Dals,Toor dal,1050,g,in,,,1,2026-09-19,2026-09-19,16-Sep perishable overwrite (operator),,
Spice,Sambar powder,100,g,in,,,1,2026-09-19,2026-09-19,16-Sep perishable overwrite (operator),,
Condiment,Tamarind,150,g,in,,,1,2026-09-19,2026-09-19,16-Sep perishable overwrite (operator),,
Spice,Haldi powder,670,g,in,,,1,2026-09-19,2026-09-19,16-Sep perishable overwrite (operator),,
Grains,Sonamasuri raw rice,1000,g,in,,,1,2026-09-23,2026-09-19,23-Sep perishable overwrite,,
Grains,White puttupodi,220,g,in,,,1,2026-09-19,2026-09-19,16-Sep perishable overwrite (operator),,
Grains,Organic Rice flour,350,g,in,,,1,2026-09-19,2026-09-19,16-Sep perishable overwrite (operator),,
Spice,Cassia taj whole,100,g,in,,,1,2026-09-19,2026-09-19,16-Sep perishable overwrite (operator),,
Dals,Fortune toor dal,260,g,in,,,1,2026-09-19,2026-09-19,16-Sep perishable overwrite (operator),,
Staple,Almonds whole,370,g,in,,,1,2026-09-19,2026-09-19,16-Sep perishable overwrite (operator),,
Dals,Kabuli chana,130,g,in,,,1,2026-09-19,2026-09-19,16-Sep perishable overwrite (operator),,
Grains,Sticky rice,300,g,in,,,1,2026-09-19,2026-09-19,16-Sep perishable overwrite (operator),,
Staple,Instant Dry yeast,25,g,in,,,1,2026-09-19,2026-09-19,16-Sep perishable overwrite (operator),,
Spice,Mace,40,g,in,,,1,2026-09-19,2026-09-19,16-Sep perishable overwrite (operator),,
Spice,Black pepper pink salt,60,g,in,,,1,2026-09-19,2026-09-19,16-Sep perishable overwrite (operator),,
Condiment,Honey,200,g,in,,,1,2026-09-19,2026-09-19,16-Sep perishable overwrite (operator),,
Spice,Ajwain,100,g,in,,,1,2026-09-19,2026-09-19,16-Sep perishable overwrite (operator),,
Spice,White til,25,g,in,,,1,2026-09-19,2026-09-19,16-Sep perishable overwrite (operator),,
Condiment,Extra virgin olive oil,80,ml,in,,,1,2026-09-19,2026-09-19,16-Sep perishable overwrite (operator),,
Spice,Black pepper,50,g,in,,,1,2026-09-19,2026-09-19,16-Sep perishable overwrite (operator),,
Staple,Jaggery powder,140,g,in,,,1,2026-09-19,2026-09-19,16-Sep perishable overwrite (operator),,
Spice,Jeera powder,80,g,in,,,1,2026-09-19,2026-09-19,16-Sep perishable overwrite (operator),,
Spice,Mixed spices,50,g,in,,,1,2026-09-19,2026-09-19,16-Sep perishable overwrite (operator),,
Spice,Black pepper whole,100,g,in,,,1,2026-09-19,2026-09-19,16-Sep perishable overwrite (operator),,
Spice,Amchur,45,g,in,,,1,2026-09-19,2026-09-19,16-Sep perishable overwrite (operator),,
Grains,Corn starch,40,g,in,,,1,2026-09-19,2026-09-19,16-Sep perishable overwrite (operator),,
Grains,Aashirwad wheat atta,4000,g,in,,,1,2026-09-19,2026-09-19,16-Sep perishable overwrite (operator),,
Grains,Red matta rice,1000,g,in,,,1,2026-09-19,2026-09-19,16-Sep perishable overwrite (operator),,
Staple,Salmon cat food,3170,g,in,,,1,2026-09-19,2026-09-19,16-Sep perishable overwrite (operator),,
Vegetable,Potatoes,0,g,out,,,1,2026-09-23,2026-09-19,23-Sep: not in perishable overwrite,,
Fruit,Avocado,0,pc,out,,,1,2026-09-23,2026-09-22,23-Sep: not in perishable overwrite,,
Fruit,Kiwi,0,pc,out,,,1,2026-09-22,2026-09-22,09-22: -2pc L kiwi cut,,
Vegetable,Capsicum,150,g,in,,,1,2026-09-23,,23-Sep perishable overwrite,,
Vegetable,Pumpkin chunks,150,g,in,,,1,2026-09-23,,23-Sep perishable overwrite,,
Meat,Chicken breast,1200,g,in,,,1,2026-09-24,,09-24: -400g D chicken majestic,,
Vegetable,Green zucchini,1,pc,in,,,1,2026-09-24,,24-Sep order,,
Vegetable,English cucumber,500,g,in,,,1,2026-09-24,,24-Sep order,,
Vegetable,Mint leaves,100,g,in,,,1,2026-09-24,,24-Sep order,,
Herb,Fresh rosemary,10,g,in,,,1,2026-09-24,,24-Sep order,,
Staple,Whey protein isolate,1000,g,in,,,1,2026-09-24,,24-Sep order,,
Dairy,Curd,400,g,in,,,1,2026-09-24,,24-Sep order,,
Dairy,Akshayakalpa A2 milk,500,ml,in,,,1,2026-09-24,,24-Sep order,,
Spice,Kashmiri red chilli powder,100,g,in,,,1,2026-09-24,,24-Sep order,,
Grains,Golden rolled oats,400,g,in,,,1,2026-09-24,,24-Sep order,,
