"PantryPulse — DEDUCTION METHOD (applies to all deduction households: h1b,h2,h3,h4,h5,h6,h7)",,,,
Every SKU deduction must be a calculation with a stated reason. No guessed round numbers.,,,,
"FORMULA (per dish, per ingredient)",,,,
1) need = portion_per_person  ×  eaters  ×  dish_intensity,,,,
"2) deduct = min(need, available)                    — NEVER exceed what is in stock",,,,
"3) if (available - deduct) <= orphan_threshold(role) then deduct = available   — use it all, do not leave a useless scrap",,,,
"4) if available = 0  ->  deduct = 0  and FLAG (item not present: not used, or a substitute was; do not invent it)",,,,
"5) if several interchangeable variants are present (e.g. 3 capsicum colours), split need across them PROPORTIONALLY to availability so they deplete evenly",,,,
"PORTION TABLE  (base grams per person, by the ingredient ROLE in that dish) — EDITABLE",,,,
Role in dish,g / person,Notes,,
Hero veg (dish main),100-130,e.g. cauliflower in gobi manchurian,,
Secondary veg,25-40,"capsicum, carrot in noodles",,
Leafy / bulk veg,40-60,"cabbage, spinach",,
Onion (aromatic base),15-25,most gravies,,
Ginger / Garlic,3-5 each,aromatics,,
Green chilli,2-4,heat,,
Herb / garnish,5-10,"coriander, spring onion",,
Protein hero,80-120,"paneer, chicken, fish (or 1-2 eggs)",,
Dairy in dish,40-60,curd for raita,,
Grain / noodle (dry),60-70,"rice, noodles",,
DISH INTENSITY MULTIPLIER — EDITABLE,,,,
Dish type,x factor,,,
"Veg-heavy (manchurian, sabzi, thoran, stir-fry)",1.1 - 1.2,,,
Standard curry / rice bowl,1.0,,,
"Veg-light (dal, soup, khichdi)",0.6 - 0.8,,,
Salad / raita,1.0,,,
ORPHAN THRESHOLD (leave-a-little vs use-it-up) — EDITABLE,,,,
Item class,Leftover < this -> use it ALL,,,
"Cheap veg (onion, cabbage, cauliflower, capsicum)",40-50 g,,,
"Herbs (coriander, mint, curry leaves)",10-15 g,,,
"Costly / slow (paneer, exotics, berries)",lean to LEAVE a usable remainder,,,
Freshly bought FOR this dish (<=1 day old),"use fully, cap at available",,,
HARD RULES,,,,
"A) Log DISH-WISE: each dish gets its own ingredient breakdown line, not one lumped slot line.",,,,
B) Cap every line at available stock; never deduct a zero-stock SKU.,,,,
"C) Use fresh perishables fully & generously, especially veg bought within ~1 day for that dish (Indian home-cooking norm).",,,,
"D) Split across the variants actually in the fridge (all pepper colours, etc.), proportional to availability.",,,,
"E) Match the REAL SKU that was bought (e.g. millet noodles, not atta noodles).",,,,
"F) Every deduction carries a one-line reason (role x eaters x intensity, capped/cleanup note).",,,,
__ORDER_HANDLING__,,,,
ORDER vs COUNT — added 6-Aug-2026,,,,
An ORDER ADDS to whatever is already on the row.,new qty = existing + ordered,,,
A COUNT OVERWRITES the row.,new qty = counted figure,,,
Never apply an order as a replacement.,It silently discards existing stock. On 5-Aug this lost 133 g of h4 capsicum.,,,
"If the order unit differs from the row unit, CONVERT then add.",e.g. row 33 g + 1 capsicum (~120 g) = 153 g. Do not swap the unit and overwrite.,,,
Only change a row’s unit when a COUNT states it in that unit.,,,,
__MEAL_PLAN_SOURCE__,,,,
"Meal plans are pulled from the smart-meal-planner app, never typed into chat.",https://smart-meal-planner-40.emergent.host/,,,
API: /api/plans/by-house?house=<name> → pick the ISO week → /api/plans/<id>,"weekly_menu[] has day, breakfast/lunch/dinner text and per-slot pax",,,
"House names in the app match PantryPulse except h8 = ""Sakshi & Pratik"".","Ignore ""Rahul and Pooja"" — a different household",,,
"On ""end day X"": pull that day’s plan first, then deduct.",Orders and counts still come from Bhavya in chat,,,
__ORDER_RECOGNITION__ (Tequila carts),,,,
"A shared cart is a PROPOSAL, never an order.","""Here's the cart"", ""we'll order tomorrow morning"" → record NOTHING yet",,,
Only a placement confirmation creates an order.,"""Placing the order"", ""order(s) have been placed"", a delivery confirmation, or an order-success screenshot",,,
The NEWEST cart before placement supersedes all older carts.,"If an edited cart is shared in the morning and then placed, the evening cart is dead — ignore it entirely",,,
Chat modifiers at placement time apply to the final cart.,"e.g. 5-Aug: ""Placing the order by removing mint only"" → order = final cart minus mint",,,
"The order is dated to the day it was PLACED, not the day a cart was shared.","Cart shared Tuesday night, placed Wednesday morning → a Wednesday order",,,
No confirmation ever found = no order.,"A cart that was only discussed is flagged as pending, never booked",,,
Judgement over pattern-matching.,"Read the whole thread: which cart is final, what was added/removed, what was actually placed, on what date",,,
__CHICKEN_SKU_NORMALISATION__,,,,
Chicken breast is ONE SKU per household regardless of vendor.,"Licious / FreshToHome / any brand of boneless breast all map to ""Chicken breast (boneless)""",,,
Different CUTS stay separate — never merge across cut.,breast ≠ thigh ≠ curry cut ≠ mince/kheema ≠ masala powder,,,
"A physical count of ""chicken"" clears ALL breast rows, not just the name that matched.",prevents a phantom vendor row surviving a count (h1b 7-Aug: 400→150),,,
"h1b canonical breast row = ""Chicken breast (boneless)"".",vendor-named duplicates merged + zeroed,,,
__PROTEIN_FIFO_DEDUCTION__,,,,
"A generic protein word in a plan (""fish"",""chicken"",""meat"") must deduct from the OLDEST-bought lot first (FIFO).","Not the first name-match. On 1-Aug ""fish"" should have drawn catla (bought 30-Jul) before basa.",,,
"If several SKUs share a cut/species, draw them down in purchase-date order until the need is met.",Prevents expensive protein sitting as a phantom while a newer lot is consumed.,,,
Vendor/duplicate names within one cut are the same SKU.,"basa≠catla (different fish) but ""Chicken breast (Licious)"" = ""Chicken breast (older lot)"" = one breast pile",,,
Any protein row untouched >5 days while meals occurred = flag for verify at close.,catch phantoms early instead of weeks later,,,
"OVER-DEDUCTION GUARD (added 11-Aug, v21_428) — automatic unit-bug catch",,,,
Purpose: catch the grams-as-pieces bug (e.g. 40 g carrot subtracted as 40 pieces).,,,,
"On every close, diff pre vs post board. For any pc-unit produce item touched that day:",,,,
"  ceiling = max(2.0, 1.2 × pax)  pieces removable in one close",,,,
  IF pieces_removed > ceiling:,,,,
"     • left a fractional remainder (e.g. 2.58 pc) -> HIGH (blocks build, must fix)",,,,
"     • took it all to 0 (finishing stock)         -> REVIEW (glance, allowed)",,,,
     • else                                        -> REVIEW,,,,
HIGH flags must be resolved before the build ships (gate returns non-zero).,,,,
Also runs live in-app: Deduction Audit panel on each board flags same-day pc over-draws.,,,,
Dry dal / legume portion (corrected 24-Aug 2026),"50 g DRY per person per meal (2 pax = 100 g). Applies to chana dal, toor, moong, masoor, rajma, kabuli chana. Cooked-weight roughly 2.5x. Earlier 180g-for-2 estimate was too high — do not use.",,,
Yash & Manik (h10) portion basis,"Yash & Manik (h10): deduct at 0.5 PERSON TOTAL for the whole household, regardless of how many the plan lists (operator, 10-Sep). They eat far less than even the earlier one-third rule. Multiply the standard per-person norm by 0.5 (not by pax). Plan-stated grams are also multiplied by 0.5/pax. Whole items round down.",,,
"Yash & Manik (h10) — MEASURED consumption, 4-Sep","Measured against Bhavya corrections on 4-Sep, the 1-person basis is STILL too high for this household. Observed actuals for a 2-resident day: okra ~80g per meal (not 250g), mushroom ~0-50g, milk ~100-150ml total (not 700ml cadence), cucumber/beetroot ~0.5pc, sweet corn ~0.5 cob. RULE: for h10 use ONE-THIRD of the standard 2-pax norm, not one-half. Round DOWN on piece items. When a plan states grams explicitly, still halve at minimum.",,,
Overwrite protection — everyday aromatics,"A veg/fruit overwrite must NOT auto-remove everyday aromatics even when they are absent from the counted list: green chilli, curry leaves, coriander, mint, ginger, garlic, onion, potato. These are bought constantly and rarely counted. Keep them at their existing value and flag for confirmation instead of zeroing. Established 4-Sep after this happened to R&R cucumber, Disha lemon and Kartik green chilli/curry leaves/coriander.",,,
Conversions — a processed form is NOT a new SKU,"When an item is a PROCESSED FORM of something already on the board, do not create a parallel row. Peeled pomegranate = the pomegranate peeled; peeled garlic = the garlic peeled; grated coconut = the coconut grated. For CONSUMING conversions (milk->curd, milk->paneer, cream->butter, tomato->puree), DEDUCT the raw item and record the output as a made item — never hold both the full raw quantity AND the output from the same stock. See the Conversions sheet.",,,
Paxal & Sana (h7) paneer portion,"Paxal & Sana consume 200g paneer per paneer meal for 2 people (Bhavya, 7-Sep). Deduct 200g whenever a paneer dish is cooked.",,,
SINGLE SOURCE OF TRUTH (19-Sep-2026),"From 19-Sep-2026: MEAL PLANS come ONLY from Menu Planner https://menu-planner-omega-ten.vercel.app (/api/v1, via /api/menuplan). Emergent is retired. RECIPES + INGREDIENT BREAKDOWNS come ONLY from the ""final recipes"" Google Sheet 1GRg8DatwihrcQEZqtjBi4eIG2OI6SZWIN-q0EvDxlcM (Dish overview gid 0; Dish breakdown gid 1292717284: dish | yt link | source | ingredient | qty for 1 person). NO Rasoi fallback, NO text-derived/synonym-family ingredient guessing, NO pack-estate PP_NEEDS bake. A dish absent from the sheet is ""No recipe"" and prices nothing — never guessed. IGHO recipe table is re-baked from this sheet; daily closes read Menu Planner.",,,
