Recipe ingredient,Mapped SKU
Asparagus,Asparagus
Atta (whole wheat),Atta (whole wheat)
Baby corn,Baby corn
Bajra flour,Bajra flour
Banana,Banana
Bay leaf,Bay leaf
Beetroot,Beetroot
Bell pepper,Green capsicum
Berries,Blueberry
Besan,Besan
Black pepper,Black pepper
Black salt,Black salt
Bottle gourd,Bottle gourd
Broccoli,Broccoli
Butternut squash,Butter
Cabbage,Cabbage
Cardamom,Cardamom
Carrot,Carrot
Cauliflower,Cauliflower
Chaat masala,Chaat masala
Cheese,Cheddar cheese
Cherry tomato,Cherry tomato
Chia seeds,Chia seeds
Chole / chana,Chole / chana
Cinnamon,Cinnamon
Cloves,Cloves
Coconut,Fresh coconut grated
Cooking oil,(untracked pantry)
Coriander,Coriander (dhania)
Coriander (dhania),Coriander (dhania)
Coriander powder,Coriander powder
Cornflour,Cornflour
Cow ghee,Cow ghee
Cucumber,Cucumber
Cumin powder,Cumin powder
Cumin seeds,Cumin (jeera)
Curry leaves,Curry leaves
Drumstick,Drumstick (pods)
Edamame,Edamame (frozen)
Eggplant,Brinjal
Eggs,Eggs
Fenugreek seeds,Fenugreek seeds
Fresh coconut,Fresh coconut grated
Fresh coconut grated,Fresh coconut grated
Garam masala,Garam masala
Garlic,Garlic
Ginger,Ginger
Gongura leaves,Gongura leaves
Greek yogurt,Greek yogurt (plain)
Green beans,Green beans
Green chilli,Green chilli
Green chilli sauce,Soya sauce
Green peas,Frozen peas
Hing (asafoetida),Hing (asafoetida)
Honey,Honey
Jowar flour,Jowar flour
Kiwi,Kiwi
Lemon,Lemon
Mango,Mango
Methi (fenugreek),Methi (fenugreek)
Milk,Cow milk
Millet flour,Millet flour
Mint,Mint
Moong dal,Moong dal
Moong sprouts,Moong sprouts
Mushroom,Button mushroom
Mustard seeds,Mustard seeds
Oats,Oats
Olive oil,Olive oil
Onion,Onion
Orange,Orange
Oregano,Oregano
Paneer,Paneer
Parsley,Parsley
Parwal,Parwal
Peanuts,Peanuts
Poha,Poha
Potato,Potato
Protein powder,Plant protein
Pumpkin,Pumpkin
Quinoa,Quinoa
Rajma,Rajma
Red cabbage,Red cabbage
Red chilli powder,Red chilli powder
Rice,Rice (regular)
Roasted gram,Roasted gram
Salt,(untracked pantry)
Sambar powder,Sambar powder
Sattu,Sattu
Sesame oil,Sesame oil
Sourdough,Sourdough
Soy sauce,Soya sauce
Spinach/Palak,Spinach/Palak
Spring onion,Spring onion
Sweet potato,Sweet potato
Tahini,Tahini paste
Tamarind,"Tamarind (imli, dry)"
Tofu,Tofu
Tomato,Tomato
Toor dal,Toor dal
Turmeric,Turmeric
Tuvar lilva,Tuvar lilva
Urad (black),Urad (black)
Vinegar,Apple cider vinegar
Zucchini,Zucchini
